Timestamp,Người chơi 1,Race 1,Map,Kết quá,Người chơi 2,Race 2
8/20/2024 22:41:00,longnt,,,Thắng,VitaminZ,
8/20/2024 22:41:14,longnt,,,Thắng,VitaminZ,
8/20/2024 22:41:43,Wisdom,,,Thua,Lancelot,
8/20/2024 22:41:54,Wisdom,,,Thua,Lancelot,
8/20/2024 22:42:07,gobo2k,,,Thắng,hoanguyen,
8/20/2024 22:42:25,gobo2k,,,Thua,hoanguyen,
8/20/2024 22:42:39,gobo2k,,,Thắng,hoanguyen,
8/20/2024 22:42:57,socnho,,,Thắng,Ichiban,
8/20/2024 22:43:14,socnho,,,Thua,Ichiban,
8/20/2024 22:43:26,socnho,,,Thắng,Ichiban,
8/20/2024 22:43:46,Chairma,,,Thua,LazyOldMan,
8/20/2024 22:44:00,Chairma,,,Thua,LazyOldMan,
8/20/2024 22:44:15,osho,,,Thắng,Ragnar,
8/20/2024 22:44:29,osho,,,Thắng,Ragnar,
8/20/2024 22:44:47,Vinam,,,Thua,Ninh,
8/20/2024 22:45:00,Vinam,,,Thua,Ninh,
8/20/2024 22:45:12,Domi,,,Thắng,NghiaDepTrai,
8/20/2024 22:45:25,Domi,,,Thắng,NghiaDepTrai,
8/20/2024 22:45:43,osho,,,Thua,Wisdom,
8/20/2024 22:45:55,osho,,,Thắng,Wisdom,
8/20/2024 22:46:05,osho,,,Thắng,Wisdom,
8/20/2024 22:53:49,gobo2k,,,Thắng,Chairma,
8/20/2024 22:54:03,gobo2k,,,Thua,Chairma,
8/20/2024 22:54:16,gobo2k,,,Thắng,Chairma,
8/20/2024 22:54:25,Vinam,,,Thắng,socnho,
8/20/2024 22:54:41,Vinam,,,Thắng,socnho,
8/20/2024 22:54:51,Domi,,,Thắng,longnt,
8/20/2024 22:55:05,Domi,,,Thắng,longnt,
8/20/2024 22:55:16,Ragnar,,,Thua,Lancelot,
8/20/2024 22:57:11,Ragnar,,,Thua,Lancelot,
8/20/2024 22:57:21,NghiaDepTrai,,,Thắng,VitaminZ,
8/20/2024 22:57:33,NghiaDepTrai,,,Thắng,VitaminZ,
8/20/2024 22:57:52,LazyOldMan,,,Thắng,hoanguyen,
8/20/2024 22:58:09,LazyOldMan,,,Thắng,hoanguyen,
8/20/2024 22:58:22,Ninh,,,Thua,Ichiban,
8/20/2024 22:58:31,Ninh,,,Thua,Ichiban,
8/20/2024 22:58:38,Chairma,,,Thắng,VitaminZ,
8/20/2024 22:58:48,Chairma,,,Thua,VitaminZ,
8/20/2024 22:59:00,Chairma,,,Thắng,VitaminZ,
8/20/2024 22:59:09,osho,,,Thua,Ichiban,
8/20/2024 22:59:18,osho,,,Thua,Ichiban,
8/20/2024 22:59:31,Vinam,,,Thắng,hoanguyen,
8/20/2024 22:59:45,Vinam,,,Thắng,hoanguyen,
8/20/2024 22:59:59,Domi,,,Thắng,Lancelot,
8/20/2024 23:00:12,Domi,,,Thắng,Lancelot,
8/20/2024 23:00:25,LazyOldMan,,,Thắng,longnt,
8/20/2024 23:00:43,LazyOldMan,,,Thua,longnt,
8/20/2024 23:06:07,LazyOldMan,,,Thắng,longnt,
8/20/2024 23:06:20,Ragnar,,,Thắng,socnho,
8/20/2024 23:06:30,Ragnar,,,Thua,socnho,
8/20/2024 23:06:47,Ragnar,,,Thua,socnho,
8/20/2024 23:06:56,Zodiac,,,Thắng,gobo2k,
8/20/2024 23:07:07,Zodiac,,,Thắng,gobo2k,
8/20/2024 23:07:17,NghiaDepTrai,,,Thua,Wisdom,
8/20/2024 23:07:28,NghiaDepTrai,,,Thua,Wisdom,
8/20/2024 23:07:37,DAT93BP,UD,Last Refuge,Thua,Prac800ic,HU
8/20/2024 23:07:49,DAT93BP,Orc,Echo Isles,Thua,Prac800ic,HU
8/20/2024 23:08:00,Ragnar,NE,Northern Isles,Thắng,Truongbaorong,NE
8/20/2024 23:08:09,Ragnar,NE,Last Refuge,Thắng,Truongbaorong,UD
8/20/2024 23:08:18,Ichiban,Orc,Amazonia,Thắng,gobo2k,UD
8/20/2024 23:08:26,Ichiban,Orc,Last Refuge,Thắng,gobo2k,UD
8/20/2024 23:08:38,Ichiban,HU,Amazonia,Thắng,NghiaDepTrai,UD
8/20/2024 23:08:50,Ichiban,Orc,Concealed Hill,Thắng,NghiaDepTrai,UD
8/20/2024 23:09:04,DAT93BP,NE,Northern Isles,Thua,Kingtruong,HU
8/20/2024 23:09:17,DAT93BP,NE,Autumn Leaves,Thua,Kingtruong,HU
8/20/2024 23:09:28,Truongbaorong,UD,Echo Isles,Thua,Kingtruong,HU
9/17/2024 13:48:42,Truongbaorong,HU,Last Refuge,Thua,Kingtruong,HU
9/17/2024 13:48:53,Ichiban,Orc,Northern Isles,Thắng,Moon,NE
9/17/2024 13:49:09,Ichiban,Orc,Echo Isles,Thắng,Moon,NE
9/17/2024 13:49:21,Domi,NE,Northern Isles,Thắng,longnt,HU
9/17/2024 13:49:33,Domi,Orc,Echo Isles,Thắng,longnt,HU
9/17/2024 13:49:45,longnt,UD,Amazonia,Thua,Singlez,UD
9/17/2024 13:50:05,longnt,UD,Echo Isles,Thua,Singlez,UD
9/17/2024 13:50:20,longnt,Orc,Hammerfall,Thắng,Ragnar,NE
9/17/2024 22:31:27,Ragnar,NE,Last Refuge,Thua,longnt,Orc
9/17/2024 22:31:36,socnho,NE,Echo Isles,Thắng,Truongbaorong,UD
,socnho,NE,Last Refuge,Thắng,Truongbaorong,HU
9/17/2024 22:31:46,Lancelot,HU,Northern Isles,Thắng,Prac800ic,HU
9/17/2024 22:31:55,Lancelot,Orc,Last Refuge,Thắng,Prac800ic,HU
9/17/2024 22:32:09,Truongbaorong,UD,Echo Isles,Thắng,Datmm09,Orc
9/17/2024 22:32:18,Truongbaorong,Orc,Autumn Leaves,Thắng,Datmm09,Orc
9/18/2024 9:29:57,Lancelot,UD,Northern Isles,Thắng,Truongbaorong,UD
9/18/2024 9:54:42,Lancelot,UD,Last Refuge,Thắng,Truongbaorong,HU
9/18/2024 22:41:26,Truongbaorong,NE,Concealed Hill,Thua,SieuTitMit,Orc
9/18/2024 23:09:04,Truongbaorong,UD,Hammerfall,Thắng,SieuTitMit,Orc
9/18/2024 23:15:31,Truongbaorong,UD,Amazonia,Thắng,SieuTitMit,Orc
9/18/2024 23:24:57,Ragnar,NE,Autumn Leaves,Thắng,Kingtruong,HU
9/18/2024 23:37:41,Ragnar,NE,Last Refuge,Thắng,Kingtruong,Orc
9/19/2024 0:07:36,Lancelot,HU,Concealed Hill,Thắng,2Life,HU
9/19/2024 0:13:44,Lancelot,HU,Last Refuge,Thắng,2Life,HU
9/19/2024 0:32:18,Ichiban,Orc,Last Refuge,Thắng,Lancelot,HU
9/19/2024 0:43:44,Ichiban,Orc,Amazonia,Thua,Lancelot,HU
9/19/2024 1:06:13,Ichiban,Orc,Hammerfall,Thắng,Lancelot,HU
9/19/2024 1:07:21,Ichiban,Orc,Hammerfall,Thua,Kingtruong,HU
9/19/2024 19:51:53,Ichiban,Orc,Echo Isles,Thắng,Kingtruong,HU
9/19/2024 19:54:44,Ichiban,Orc,Concealed Hill,Thắng,Kingtruong,HU
9/19/2024 20:02:31,Singlez,UD,Northern Isles,Thắng,Kingtruong,HU
9/19/2024 20:17:44,Singlez,UD,Last Refuge,Thắng,Kingtruong,HU
9/19/2024 20:24:51,Truongbaorong,UD,Northern Isles,Thắng,Fervis,UD
9/19/2024 20:41:48,Truongbaorong,UD,Last Refuge,Thua,Fervis,UD
9/19/2024 20:42:23,Truongbaorong,HU,Hammerfall,Thua,Fervis,UD
9/19/2024 20:50:25,socnho,NE,Concealed Hill,Thắng,Datmm09,Orc
9/19/2024 20:57:00,socnho,NE,Echo Isles,Thắng,Datmm09,Orc
9/19/2024 21:01:01,Lancelot,HU,Hammerfall,Thắng,Datmm09,Orc
9/19/2024 21:12:51,Lancelot,HU,Echo Isles,Thắng,Datmm09,Orc
9/19/2024 21:21:41,osho,NE,Echo Isles,Thắng,Chairma,Orc
9/19/2024 21:28:43,osho,NE,Northern Isles,Thắng,Chairma,Orc
9/19/2024 21:42:24,Lancelot,HU,Amazonia,Thua,socnho,NE
9/19/2024 21:42:36,Lancelot,HU,Echo Isles,Thua,socnho,UD
9/19/2024 21:50:57,Ragnar,NE,Autumn Leaves,Thắng,Lancelot,HU
9/19/2024 21:57:36,Ragnar,NE,Northern Isles,Thắng,Lancelot,HU
9/19/2024 22:04:37,Truongbaorong,UD,Northern Isles,Thắng,Moon,NE
9/19/2024 22:09:55,Truongbaorong,UD,Amazonia,Thua,Moon,NE
9/19/2024 22:13:09,Ichiban,Orc,Last Refuge,Thắng,Ragnar,NE
9/19/2024 22:15:18,Ichiban,Orc,Concealed Hill,Thắng,Ragnar,NE
9/19/2024 22:18:25,Truongbaorong,UD,Amazonia,Thắng,Afterall,HU
9/19/2024 22:23:42,Truongbaorong,UD,Northern Isles,Thua,Afterall,HU
9/19/2024 22:31:05,Truongbaorong,UD,Last Refuge,Thua,Afterall,HU
9/19/2024 22:37:33,Singlez,UD,Last Refuge,Thắng,Truongbaorong,UD
9/19/2024 22:39:49,Singlez,Orc,Hammerfall,Thắng,Truongbaorong,HU
9/19/2024 22:46:57,NghiaDepTrai,UD,Amazonia,Thắng,Truongbaorong,UD
9/19/2024 22:55:36,NghiaDepTrai,UD,Concealed Hill,Thua,Truongbaorong,HU
9/19/2024 23:04:54,NghiaDepTrai,UD,Last Refuge,Thắng,Truongbaorong,HU
9/19/2024 23:09:08,socnho,NE,Autumn Leaves,Thắng,NghiaDepTrai,UD
9/19/2024 23:25:45,socnho,Orc,Echo Isles,Thắng,NghiaDepTrai,UD
9/19/2024 23:37:43,Truongbaorong,UD,Last Refuge,Thắng,Moon,NE
9/20/2024 16:28:43,Ragnar,NE,Northern Isles,Thua,Afterall,HU
9/20/2024 16:29:01,Ragnar,NE,Concealed Hill,Thua,Afterall,HU
9/20/2024 16:29:12,SieuTitMit,Orc,Last Refuge,Thua,Moon,NE
9/20/2024 19:42:49,Moon,NE,Amazonia,Thắng,SieuTitMit,Orc
9/20/2024 19:43:03,Ninh,NE,Autumn Leaves,Thắng,Afterall,HU
9/20/2024 20:16:07,Ragnar,NE,Concealed Hill,Thắng,DAT93BP,Orc
9/20/2024 20:17:11,Ragnar,NE,Amazonia,Thắng,DAT93BP,Orc
9/20/2024 20:40:40,Ragnar,NE,Last Refuge,Thua,Vinam,UD
9/20/2024 20:42:28,Ragnar,NE,Northern Isles,Thua,Vinam,UD
9/20/2024 20:47:57,Ninh,HU,Echo Isles,Thắng,Truongbaorong,UD
9/20/2024 20:58:14,Ninh,HU,Last Refuge,Thắng,Truongbaorong,UD
9/20/2024 21:17:53,Vinam,UD,Amazonia,Thắng,Truongbaorong,UD
9/20/2024 21:51:37,Lancelot,HU,Autumn Leaves,Thắng,TrungHoang,NE
9/20/2024 22:36:26,Lancelot,HU,Concealed Hill,Thua,TrungHoang,NE
9/20/2024 22:56:45,Lancelot,HU,Hammerfall,Thắng,TrungHoang,NE
9/20/2024 23:25:55,Truongbaorong,Orc,Hammerfall,Thua,TrungHoang,NE
9/21/2024 10:24:52,Truongbaorong,UD,Last Refuge,Thắng,TrungHoang,NE
9/21/2024 10:28:42,Truongbaorong,UD,Echo Isles,Thắng,TrungHoang,NE
9/21/2024 11:04:13,Moon,NE,Last Refuge,Thua,Fervis,UD
9/21/2024 11:23:55,Moon,NE,Amazonia,Thắng,Fervis,UD
9/21/2024 13:10:20,Moon,NE,Concealed Hill,Thắng,Fervis,UD
9/21/2024 13:10:31,Lancelot,UD,Northern Isles,Thắng,DAT93BP,Orc
9/21/2024 13:22:35,Lancelot,UD,Concealed Hill,Thắng,DAT93BP,Orc
9/21/2024 14:33:31,TrieuVoi,Orc,Echo Isles,Thua,Moon,NE
9/21/2024 14:33:40,Moon,NE,Last Refuge,Thắng,TrieuVoi,Orc
9/21/2024 14:40:10,Lancelot,UD,Echo Isles,Thắng,LichKing,UD
9/21/2024 15:08:02,Ragnar,NE,Last Refuge,Thắng,Wisdom,NE
9/21/2024 15:21:10,Ragnar,NE,Amazonia,Thắng,Wisdom,NE
9/21/2024 15:38:23,Lancelot,UD,Last Refuge,Thắng,LichKing,UD
9/21/2024 18:54:56,Ichiban,Orc,Northern Isles,Thắng,Vinam,UD
9/21/2024 19:06:15,Ichiban,Orc,Last Refuge,Thắng,Vinam,UD
9/21/2024 19:06:26,Ninh,NE,Echo Isles,Thắng,Singlez,UD
9/21/2024 20:04:29,Ninh,NE,Last Refuge,Thua,Singlez,UD
9/21/2024 20:04:40,hoanguyen,Orc,Northern Isles,Thắng,DAT93BP,Orc
9/21/2024 20:39:37,hoanguyen,HU,Amazonia,Thắng,DAT93BP,UD
9/21/2024 21:15:26,Lancelot,HU,Hammerfall,Thua,Vinam,UD
9/21/2024 22:44:30,Lancelot,HU,Echo Isles,Thua,Vinam,UD
9/21/2024 22:44:43,Vinam,UD,Concealed Hill,Thua,Ninh,NE
9/21/2024 22:45:22,Vinam,UD,Last Refuge,Thắng,Ninh,NE
9/21/2024 22:58:25,Vinam,UD,Autumn Leaves,Thua,Ninh,NE
9/21/2024 23:42:01,Wisdom,NE,Echo Isles,Thắng,DAT93BP,Orc
9/21/2024 23:42:11,Wisdom,NE,Autumn Leaves,Thắng,DAT93BP,Orc
9/22/2024 0:14:29,longnt,Orc,Amazonia,Thua,Truongbaorong,UD
9/22/2024 8:39:41,longnt,HU,Last Refuge,Thắng,Truongbaorong,UD
9/22/2024 10:06:55,longnt,HU,Northern Isles,Thắng,Truongbaorong,UD
9/22/2024 10:07:10,Lancelot,HU,Northern Isles,Thua,Singlez,UD
9/22/2024 13:43:25,Lancelot,HU,Hammerfall,Thua,Singlez,UD
9/22/2024 13:48:59,longnt,HU,Autumn Leaves,Thắng,TrungHoang,NE
9/22/2024 13:58:24,longnt,HU,Echo Isles,Thắng,TrungHoang,NE
9/22/2024 14:10:06,Ninh,UD,Concealed Hill,Thua,Afterall,HU
9/22/2024 14:28:21,Ninh,UD,Hammerfall,Thắng,Afterall,HU
9/22/2024 15:13:20,Ragnar,NE,Hammerfall,Thua,Moon,NE
9/22/2024 15:13:37,Ragnar,NE,Concealed Hill,Thua,Moon,NE
9/22/2024 15:39:51,Moon,NE,Amazonia,Thắng,Afterall,HU
9/22/2024 15:40:02,Moon,NE,Concealed Hill,Thắng,Afterall,HU
9/22/2024 15:44:44,Ichiban,Orc,Autumn Leaves,Thắng,Truongbaorong,UD
9/22/2024 16:11:39,Ichiban,Orc,Last Refuge,Thắng,Truongbaorong,HU
9/22/2024 16:16:06,Ichiban,Orc,Autumn Leaves,Thắng,Singlez,UD
9/22/2024 16:25:07,Ichiban,Orc,Hammerfall,Thua,Singlez,UD
9/22/2024 16:30:10,Ichiban,Orc,Amazonia,Thắng,Singlez,UD
9/22/2024 21:02:01,socnho,HU,Northern Isles,Thắng,LazyOldMan,Orc
9/22/2024 21:02:12,socnho,NE,Concealed Hill,Thắng,LazyOldMan,Orc
,socnho,Orc,Last Refuge,Thắng,TrungHoang,NE
,socnho,UD,Echo Isles,Thắng,TrungHoang,NE
9/22/2024 21:38:45,LazyOldMan,Orc,Last Refuge,Thắng,gobo2k,NE
9/22/2024 22:01:09,LazyOldMan,Orc,Northern Isles,Thắng,gobo2k,HU
9/22/2024 22:26:35,longnt,NE,Last Refuge,Thua,gobo2k,UD
9/22/2024 22:38:42,longnt,Orc,Echo Isles,Thắng,gobo2k,NE
9/23/2024 6:42:13,longnt,HU,Amazonia,Thắng,gobo2k,NE
9/23/2024 6:44:23,Ichiban,Orc,Echo Isles,Thắng,LazyOldMan,Orc
9/23/2024 6:54:04,Ichiban,Orc,Concealed Hill,Thắng,LazyOldMan,Orc
9/23/2024 7:06:24,gobo2k,NE,Autumn Leaves,Thua,Ninh,NE
9/23/2024 7:10:44,gobo2k,NE,Hammerfall,Thua,Ninh,HU
9/23/2024 21:06:50,Ragnar,NE,Amazonia,Thua,Ninh,Orc
9/23/2024 21:09:31,Ragnar,NE,Northern Isles,Thua,Ninh,NE
9/24/2024 16:10:03,Singlez,UD,Northern Isles,Thắng,GiaBao,Orc
9/24/2024 16:10:26,Singlez,Orc,Last Refuge,Thắng,GiaBao,Orc
9/24/2024 16:28:03,longnt,Orc,Concealed Hill,Thắng,GiaBao,Orc
9/24/2024 16:28:13,longnt,Orc,Echo Isles,Thắng,Moon,NE
9/24/2024 16:28:22,longnt,Orc,Amazonia,Thua,Moon,NE
9/24/2024 22:24:07,longnt,Orc,Autumn Leaves,Thua,Moon,NE
9/25/2024 5:47:56,Lancelot,HU,Last Refuge,Thua,Ninh,Orc
9/25/2024 13:25:23,Ragnar,NE,Northern Isles,Thắng,gobo2k,Orc
9/25/2024 16:12:18,Ragnar,NE,Last Refuge,Thắng,gobo2k,HU
9/28/2024 10:31:40,Ragnar,NE,Last Refuge,Thua,Metallica,NE
9/28/2024 11:07:05,Ragnar,NE,Northern Isles,Thắng,Metallica,NE
9/28/2024 11:26:00,Ragnar,NE,Echo Isles,Thua,Metallica,NE
9/28/2024 21:22:07,Lancelot,HU,Concealed Hill,Thua,LazyOldMan,Orc
9/28/2024 21:22:23,Lancelot,HU,Hammerfall,Thua,LazyOldMan,Orc
11/12/2024 20:50:27,Lancelot,HU,Autumn Leaves,Thua,Chairma,Orc
11/12/2024 20:57:42,Lancelot,HU,Last Refuge,Thắng,Chairma,Orc
11/12/2024 21:10:25,Lancelot,HU,Northern Isles,Thắng,Chairma,Orc
9/29/2024 9:12:27,Singlez,UD,Hammerfall,Thắng,SieuTitMit,UD
9/29/2024 9:14:47,Singlez,UD,Amazonia,Thắng,SieuTitMit,UD
9/29/2024 10:50:30,Wisdom,NE,Amazonia,Thắng,SieuTitMit,Orc
9/29/2024 10:50:58,Wisdom,NE,Echo Isles,Thua,SieuTitMit,UD
9/29/2024 10:51:26,Wisdom,NE,Northern Isles,Thua,SieuTitMit,UD
9/29/2024 11:08:38,Domi,HU,Northern Isles,Thắng,2Life,HU
9/29/2024 11:08:52,Domi,NE,Echo Isles,Thắng,2Life,HU
9/29/2024 11:16:13,Ninh,NE,Amazonia,Thua,Fervis,UD
9/29/2024 11:23:41,longnt,NE,Last Refuge,Thắng,SieuTitMit,UD
9/29/2024 11:34:30,longnt,UD,Amazonia,Thắng,SieuTitMit,UD
9/29/2024 13:09:43,Lancelot,HU,Echo Isles,Thua,Afterall,HU
9/29/2024 13:17:14,Lancelot,UD,Hammerfall,Thua,Afterall,HU
9/29/2024 17:09:49,Fervis,UD,Last Refuge,Thua,Metallica,NE
9/29/2024 17:10:27,Fervis,UD,Concealed Hill,Thắng,Metallica,NE
9/29/2024 17:10:52,Fervis,UD,Hammerfall,Thua,Metallica,NE
9/29/2024 17:15:57,Ichiban,Orc,Last Refuge,Thắng,Fervis,UD
9/29/2024 17:23:40,Ichiban,Orc,Concealed Hill,Thắng,Fervis,UD
9/29/2024 17:33:59,Lancelot,HU,Echo Isles,Thắng,Fervis,UD
9/29/2024 17:43:15,Lancelot,HU,Last Refuge,Thua,Fervis,UD
9/29/2024 18:03:47,Lancelot,HU,Hammerfall,Thắng,Fervis,UD
9/29/2024 19:34:18,Lancelot,UD,Autumn Leaves,Thua,osho,NE
9/29/2024 19:34:39,Lancelot,UD,Hammerfall,Thua,osho,NE
9/29/2024 19:44:24,Domi,Orc,Echo Isles,Thắng,DAT93BP,Orc
9/29/2024 19:53:35,Domi,Orc,Autumn Leaves,Thắng,DAT93BP,UD
9/29/2024 20:10:08,longnt,UD,Amazonia,Thắng,DAT93BP,NE
9/29/2024 20:18:14,longnt,UD,Hammerfall,Thắng,DAT93BP,NE
9/29/2024 20:44:26,Domi,NE,Amazonia,Thắng,Ragnar,NE
9/29/2024 20:54:34,Domi,NE,Northern Isles,Thắng,Ragnar,NE
9/29/2024 21:20:00,LazyOldMan,Orc,Hammerfall,Thắng,SieuTitMit,UD
9/29/2024 21:47:51,LazyOldMan,Orc,Amazonia,Thắng,SieuTitMit,UD
9/29/2024 22:00:20,Ninh,UD,Hammerfall,Thua,Fervis,UD
9/30/2024 16:19:36,Ninh,Orc,Echo Isles,Thắng,Prac800ic,HU
9/30/2024 16:23:02,Ninh,Orc,Concealed Hill,Thắng,Prac800ic,HU
9/30/2024 20:49:08,osho,NE,Northern Isles,Thắng,Truongbaorong,UD
9/30/2024 20:49:37,osho,NE,Last Refuge,Thắng,Truongbaorong,Orc
9/30/2024 21:22:39,socnho,NE,Last Refuge,Thắng,Daisy,Orc
9/30/2024 21:23:04,socnho,NE,Echo Isles,Thắng,Daisy,Orc
9/30/2024 21:57:44,LazyOldMan,Orc,Last Refuge,Thắng,Truongbaorong,UD
9/30/2024 22:28:09,LazyOldMan,Orc,Autumn Leaves,Thua,Truongbaorong,UD
9/30/2024 23:00:18,LazyOldMan,Orc,Concealed Hill,Thua,Truongbaorong,UD
10/1/2024 10:27:57,socnho,UD,Echo Isles,Thắng,gobo2k,UD
10/1/2024 13:25:57,socnho,NE,Concealed Hill,Thắng,gobo2k,HU
10/1/2024 16:23:22,longnt,HU,Amazonia,Thắng,Prac800ic,HU
10/1/2024 16:31:01,longnt,Orc,Echo Isles,Thắng,Prac800ic,HU
10/1/2024 19:55:49,Ninh,HU,Northern Isles,Thắng,DAT93BP,Orc
10/1/2024 19:59:25,Ninh,HU,Autumn Leaves,Thắng,DAT93BP,NE
10/1/2024 20:29:43,Ragnar,NE,Amazonia,Thua,socnho,UD
10/1/2024 20:52:03,Ragnar,NE,Last Refuge,Thắng,socnho,UD
10/1/2024 21:00:30,Ragnar,NE,Autumn Leaves,Thắng,socnho,HU
10/1/2024 22:27:30,socnho,NE,Last Refuge,Thắng,hoanguyen,HU
10/1/2024 22:53:25,socnho,UD,Echo Isles,Thắng,hoanguyen,HU
10/2/2024 10:13:17,Domi,HU,Northern Isles,Thắng,Datmm09,Orc
10/2/2024 10:13:40,Domi,Orc,Echo Isles,Thắng,Datmm09,Orc
10/2/2024 10:21:22,Ichiban,Orc,Northern Isles,Thắng,Datmm09,Orc
10/2/2024 13:23:02,Ichiban,Orc,Echo Isles,Thắng,Datmm09,Orc
10/2/2024 20:40:36,Lancelot,HU,Last Refuge,Thua,Ninh,UD
10/2/2024 20:40:52,Lancelot,HU,Northern Isles,Thua,Ninh,UD
10/2/2024 20:41:23,longnt,Orc,Echo Isles,Thắng,Vinam,UD
10/2/2024 20:52:32,longnt,Orc,Amazonia,Thắng,Vinam,UD
10/2/2024 21:09:48,osho,NE,Hammerfall,Thắng,longnt,Orc
10/2/2024 21:31:59,osho,NE,Autumn Leaves,Thắng,longnt,Orc
10/2/2024 21:47:43,longnt,HU,Last Refuge,Thắng,NghiaDepTrai,UD
10/2/2024 21:53:06,Lancelot,HU,Amazonia,Thua,hoanguyen,HU
10/2/2024 22:07:01,Lancelot,HU,Hammerfall,Thua,hoanguyen,HU
10/2/2024 22:10:15,longnt,HU,Echo Isles,Thắng,NghiaDepTrai,UD
10/2/2024 22:20:31,Domi,UD,Last Refuge,Thắng,hoanguyen,HU
10/2/2024 22:29:26,Domi,UD,Hammerfall,Thắng,hoanguyen,Orc
10/3/2024 19:39:07,LazyOldMan,HU,Last Refuge,Thắng,Prac800ic,Orc
10/3/2024 19:45:59,LazyOldMan,Orc,Concealed Hill,Thắng,Prac800ic,HU
10/3/2024 19:51:07,Domi,HU,Echo Isles,Thắng,Prac800ic,HU
10/3/2024 19:57:25,Domi,Orc,Last Refuge,Thắng,Prac800ic,HU
10/3/2024 21:11:14,Lancelot,HU,Concealed Hill,Thua,longnt,Orc
10/3/2024 21:35:25,Lancelot,HU,Hammerfall,Thắng,longnt,Orc
10/3/2024 21:46:11,Lancelot,HU,Amazonia,Thắng,longnt,Orc
10/4/2024 10:14:45,NghiaDepTrai,UD,Concealed Hill,Thua,Singlez,UD
10/4/2024 10:21:35,NghiaDepTrai,UD,Last Refuge,Thua,Singlez,UD
10/4/2024 10:29:28,Domi,NE,Amazonia,Thắng,NghiaDepTrai,UD
10/4/2024 13:24:01,Domi,NE,Concealed Hill,Thắng,NghiaDepTrai,UD
10/4/2024 16:16:23,Domi,UD,Echo Isles,Thắng,TriBui,HU
10/4/2024 16:23:19,Domi,UD,Last Refuge,Thắng,TriBui,HU
10/4/2024 20:36:14,Ragnar,NE,Concealed Hill,Thua,TriBui,HU
10/4/2024 20:42:24,Ragnar,NE,Northern Isles,Thắng,TriBui,HU
10/4/2024 20:49:21,Ragnar,NE,Echo Isles,Thắng,TriBui,HU
10/4/2024 21:08:36,Afterall,HU,Last Refuge,Thắng,TriBui,HU
10/4/2024 21:17:24,Afterall,HU,Hammerfall,Thua,TriBui,HU
10/5/2024 7:44:20,Afterall,HU,Echo Isles,Thắng,TriBui,HU
10/5/2024 7:32:51,Domi,NE,Last Refuge,Thắng,Lancelot,HU
10/5/2024 7:37:53,Domi,NE,Hammerfall,Thắng,Lancelot,HU
10/5/2024 7:50:32,Fervis,UD,Northern Isles,Thua,Afterall,HU
10/5/2024 8:00:38,Fervis,UD,Concealed Hill,Thắng,Afterall,HU
10/5/2024 8:21:57,Fervis,UD,Last Refuge,Thua,Afterall,HU
10/5/2024 8:32:17,Lancelot,HU,Concealed Hill,Thắng,TriBui,HU
10/5/2024 8:44:39,Lancelot,HU,Hammerfall,Thắng,TriBui,HU
10/5/2024 8:50:17,SieuTitMit,Orc,Hammerfall,Thua,TriBui,HU
10/5/2024 9:01:24,SieuTitMit,UD,Amazonia,Thua,TriBui,HU
10/5/2024 9:08:46,Lancelot,HU,Echo Isles,Thắng,SieuTitMit,UD
10/5/2024 9:18:36,Lancelot,UD,Amazonia,Thua,SieuTitMit,Orc
10/5/2024 9:25:27,Lancelot,HU,Hammerfall,Thắng,SieuTitMit,Orc
10/5/2024 15:11:23,Ichiban,Orc,Northern Isles,Thắng,Metallica,NE
10/5/2024 9:48:13,Ichiban,Orc,Last Refuge,Thắng,Metallica,NE
10/5/2024 10:09:36,Metallica,NE,Concealed Hill,Thắng,TriBui,HU
10/5/2024 14:57:58,Metallica,NE,Echo Isles,Thua,TriBui,HU
10/5/2024 10:15:48,Metallica,NE,Hammerfall,Thua,TriBui,HU
10/5/2024 13:43:24,Wisdom,NE,Echo Isles,Thua,TriBui,HU
10/5/2024 13:46:36,Wisdom,NE,Northern Isles,Thua,TriBui,HU
10/5/2024 14:46:38,Wisdom,NE,Concealed Hill,Thắng,TrungHoang,NE
10/5/2024 14:47:01,Wisdom,NE,Echo Isles,Thua,TrungHoang,NE
10/5/2024 14:47:20,Wisdom,NE,Northern Isles,Thua,TrungHoang,NE
10/5/2024 16:09:37,Wisdom,NE,Echo Isles,Thua,Singlez,UD
10/5/2024 16:10:32,Wisdom,NE,Northern Isles,Thua,Singlez,UD
10/5/2024 16:24:31,longnt,Orc,Concealed Hill,Thắng,Kingtruong,HU
10/5/2024 16:32:26,longnt,HU,Last Refuge,Thắng,Kingtruong,HU
10/5/2024 20:20:22,osho,NE,Echo Isles,Thắng,Fervis,UD
10/5/2024 20:26:32,osho,NE,Last Refuge,Thắng,Fervis,UD
10/5/2024 20:39:19,Ichiban,Orc,Concealed Hill,Thắng,dailygao,Orc
10/5/2024 20:45:11,Ichiban,Orc,Amazonia,Thắng,dailygao,Orc
10/5/2024 21:15:37,Kingtruong,HU,Hammerfall,Thắng,dailygao,Orc
10/5/2024 21:23:47,Kingtruong,HU,Echo Isles,Thắng,dailygao,Orc
10/5/2024 21:41:34,osho,NE,Last Refuge,Thắng,dailygao,Orc
10/5/2024 22:07:52,osho,NE,Echo Isles,Thắng,dailygao,Orc
10/6/2024 6:32:44,Truongbaorong,UD,Last Refuge,Thua,TriBui,HU
10/6/2024 6:38:36,Truongbaorong,Orc,Northern Isles,Thua,TriBui,HU
10/6/2024 10:32:43,Ragnar,NE,Hammerfall,Thắng,TrieuVoi,Orc
10/6/2024 10:40:40,Ragnar,NE,Last Refuge,Thắng,TrieuVoi,Orc
10/6/2024 10:46:28,NghiaDepTrai,UD,Last Refuge,Thua,Metallica,NE
10/6/2024 11:09:30,longnt,NE,Autumn Leaves,Thua,TrieuVoi,Orc
10/6/2024 11:16:18,Fervis,UD,Hammerfall,Thua,TriBui,HU
10/6/2024 11:25:33,Fervis,UD,Last Refuge,Thua,TriBui,HU
10/6/2024 11:30:31,longnt,HU,Last Refuge,Thua,TrieuVoi,Orc
10/6/2024 13:03:51,longnt,Orc,Last Refuge,Thắng,Afterall,HU
10/6/2024 13:07:40,longnt,Orc,Concealed Hill,Thắng,Afterall,HU
10/6/2024 13:15:33,Domi,HU,Autumn Leaves,Thắng,Truongbaorong,UD
10/6/2024 13:20:27,Domi,HU,Echo Isles,Thắng,Truongbaorong,UD
10/6/2024 13:53:58,Domi,HU,Hammerfall,Thắng,TrungHoang,NE
10/6/2024 14:03:05,Domi,HU,Echo Isles,Thắng,TrungHoang,NE
10/6/2024 15:18:32,Lancelot,HU,Last Refuge,Thắng,dailygao,Orc
10/6/2024 15:43:11,Lancelot,HU,Echo Isles,Thua,dailygao,Orc
10/6/2024 16:16:21,Lancelot,HU,Hammerfall,Thắng,dailygao,Orc
10/6/2024 17:08:43,Singlez,UD,Autumn Leaves,Thắng,Metallica,NE
10/6/2024 19:41:48,Singlez,UD,Concealed Hill,Thua,Metallica,NE
10/6/2024 19:50:19,Singlez,UD,Echo Isles,Thắng,Metallica,NE
10/6/2024 20:34:00,Domi,Orc,Concealed Hill,Thắng,dailygao,Orc
10/6/2024 20:39:57,Domi,Orc,Echo Isles,Thắng,dailygao,Orc
10/6/2024 21:12:07,longnt,NE,Northern Isles,Thua,dailygao,Orc
10/6/2024 21:24:58,longnt,UD,Last Refuge,Thắng,dailygao,Orc
10/6/2024 22:06:25,longnt,HU,Echo Isles,Thắng,Datmm09,Orc
10/6/2024 22:15:11,longnt,UD,Concealed Hill,Thắng,Datmm09,Orc
10/7/2024 6:46:54,Ichiban,Orc,Echo Isles,Thua,TriBui,HU
10/7/2024 6:47:16,Ichiban,Orc,Concealed Hill,Thắng,TriBui,HU
10/7/2024 6:47:36,Ichiban,Orc,Hammerfall,Thắng,TriBui,HU
10/7/2024 10:25:09,Singlez,UD,Echo Isles,Thắng,TriBui,HU
10/7/2024 10:24:48,Singlez,UD,Amazonia,Thắng,TriBui,HU
10/7/2024 20:02:05,Singlez,UD,Autumn Leaves,Thua,Moon,NE
10/7/2024 20:46:26,Singlez,UD,Last Refuge,Thắng,Moon,NE
10/7/2024 20:56:03,Singlez,UD,Amazonia,Thua,Moon,NE
10/7/2024 21:38:43,longnt,NE,Autumn Leaves,Thua,2Life,HU
10/7/2024 21:40:54,longnt,HU,Last Refuge,Thắng,2Life,HU
10/7/2024 21:51:29,longnt,NE,Echo Isles,Thắng,2Life,HU
10/7/2024 22:32:18,hoanguyen,NE,Concealed Hill,Thắng,2Life,HU
10/7/2024 22:35:29,hoanguyen,Orc,Echo Isles,Thắng,2Life,UD
10/8/2024 16:20:33,Ninh,UD,Northern Isles,Thắng,TriBui,HU
10/8/2024 16:25:01,Ninh,UD,Hammerfall,Thắng,TriBui,HU
10/8/2024 20:39:09,longnt,NE,Autumn Leaves,Thua,TriBui,HU
10/8/2024 20:45:49,longnt,HU,Echo Isles,Thua,TriBui,HU
10/10/2024 19:30:13,Ragnar,NE,Concealed Hill,Thua,Singlez,UD
10/10/2024 19:30:30,Ragnar,NE,Northern Isles,Thua,Singlez,UD
10/10/2024 19:36:09,osho,NE,Northern Isles,Thắng,Afterall,HU
10/10/2024 19:42:49,osho,NE,Last Refuge,Thắng,Afterall,HU
10/10/2024 20:18:04,LazyOldMan,Orc,Northern Isles,Thắng,tuanvu,Orc
10/10/2024 20:21:55,LazyOldMan,Orc,Echo Isles,Thắng,tuanvu,Orc
10/10/2024 21:14:49,longnt,NE,Concealed Hill,Thắng,tuanvu,Orc
10/10/2024 21:22:52,longnt,NE,Echo Isles,Thắng,tuanvu,Orc
10/10/2024 21:27:36,Domi,HU,Hammerfall,Thắng,tuanvu,Orc
10/10/2024 21:31:29,Domi,UD,Echo Isles,Thắng,tuanvu,Orc
10/11/2024 10:26:37,osho,NE,Concealed Hill,Thua,Singlez,UD
10/11/2024 13:22:37,osho,NE,Last Refuge,Thắng,Singlez,UD
10/11/2024 13:23:12,osho,NE,Echo Isles,Thua,Singlez,UD
10/11/2024 20:01:08,Domi,NE,Autumn Leaves,Thắng,gobo2k,Orc
10/11/2024 20:01:41,Domi,Orc,Amazonia,Thắng,gobo2k,Orc
10/11/2024 20:02:53,gobo2k,UD,Hammerfall,Thua,Singlez,UD
10/11/2024 20:13:01,gobo2k,Orc,Last Refuge,Thua,Singlez,Orc
10/11/2024 20:13:51,Ragnar,NE,Echo Isles,Thua,osho,NE
10/11/2024 20:14:44,Ragnar,NE,Last Refuge,Thua,osho,NE
10/12/2024 0:14:22,Ichiban,Orc,Amazonia,Thua,Afterall,HU
10/12/2024 0:14:52,Ichiban,Orc,Concealed Hill,Thắng,Afterall,HU
10/12/2024 0:15:30,Ichiban,Orc,Hammerfall,Thắng,Afterall,HU
10/12/2024 0:16:01,osho,NE,Concealed Hill,Thua,TriBui,HU
10/12/2024 0:16:25,osho,NE,Last Refuge,Thắng,TriBui,HU
10/12/2024 0:16:47,osho,NE,Echo Isles,Thắng,TriBui,HU
10/12/2024 10:16:06,TrieuVoi,Orc,Northern Isles,Thắng,Wisdom,NE
10/12/2024 10:16:31,TrieuVoi,Orc,Last Refuge,Thắng,Wisdom,NE
10/12/2024 11:12:47,NghiaDepTrai,UD,Amazonia,Thua,Wisdom,NE
10/12/2024 11:13:07,NghiaDepTrai,UD,Last Refuge,Thua,Wisdom,NE
10/12/2024 12:24:06,longnt,Orc,Hammerfall,Thắng,Fervis,UD
10/12/2024 12:24:35,longnt,Orc,Last Refuge,Thua,Fervis,UD
10/12/2024 12:25:29,longnt,UD,Amazonia,Thua,Fervis,UD
10/12/2024 14:14:23,Moon,NE,Northern Isles,Thắng,dailygao,Orc
10/12/2024 14:33:06,Moon,NE,Echo Isles,Thua,dailygao,Orc
10/12/2024 15:09:52,Wisdom,NE,Last Refuge,Thua,Kingtruong,HU
10/12/2024 16:17:44,Wisdom,NE,Northern Isles,Thua,Kingtruong,HU
10/12/2024 16:20:26,longnt,HU,Echo Isles,Thắng,dailygao,HU
10/12/2024 16:27:49,Wisdom,NE,Concealed Hill,Thắng,dailygao,Orc
10/12/2024 16:28:20,Wisdom,NE,Echo Isles,Thắng,dailygao,Orc
10/12/2024 16:43:46,DAT93BP,Orc,Last Refuge,Thua,Singlez,UD
10/12/2024 16:49:23,DAT93BP,HU,Echo Isles,Thua,Singlez,HU
10/12/2024 20:20:25,osho,NE,Concealed Hill,Thắng,DAT93BP,Orc
10/12/2024 20:23:22,osho,NE,Hammerfall,Thắng,DAT93BP,Orc
10/12/2024 22:24:18,Ragnar,NE,Last Refuge,Thắng,dailygao,Orc
10/12/2024 22:47:11,Ragnar,NE,Echo Isles,Thua,dailygao,Orc
11/12/2024 20:36:22,TrieuVoi,Orc,Last Refuge,Thắng,LichKing,UD
11/12/2024 20:40:47,TrieuVoi,Orc,Echo Isles,Thắng,LichKing,Orc
10/13/2024 6:56:54,socnho,NE,Northern Isles,Thua,longnt,Orc
10/13/2024 7:07:02,socnho,NE,Concealed Hill,Thua,longnt,Orc
10/13/2024 11:02:30,NghiaDepTrai,UD,Last Refuge,Thua,Metallica,NE
10/13/2024 11:39:27,socnho,UD,Amazonia,Thua,Fervis,UD
10/13/2024 13:37:07,socnho,Orc,Echo Isles,Thua,Fervis,UD
10/13/2024 13:43:16,socnho,HU,Autumn Leaves,Thua,Afterall,HU
10/13/2024 13:49:45,socnho,NE,Last Refuge,Thắng,Afterall,HU
10/13/2024 13:55:00,socnho,HU,Hammerfall,Thua,Afterall,HU
10/13/2024 14:00:24,Domi,NE,Hammerfall,Thắng,socnho,UD
10/13/2024 14:08:15,Domi,Orc,Echo Isles,Thắng,socnho,UD
10/13/2024 15:22:41,Domi,HU,Last Refuge,Thắng,Kingtruong,HU
10/13/2024 16:28:30,Domi,NE,Hammerfall,Thắng,Kingtruong,HU
10/13/2024 16:40:46,Domi,Orc,Autumn Leaves,Thắng,SieuTitMit,UD
10/13/2024 16:42:01,Domi,HU,Amazonia,Thắng,SieuTitMit,Orc
10/13/2024 17:17:52,socnho,UD,Autumn Leaves,Thắng,SieuTitMit,Orc
10/13/2024 17:25:43,socnho,HU,Amazonia,Thắng,SieuTitMit,Orc
10/13/2024 20:14:19,longnt,UD,Last Refuge,Thắng,LichKing,UD
10/13/2024 20:26:57,longnt,UD,Concealed Hill,Thắng,LichKing,Orc
10/13/2024 22:09:56,Lancelot,NE,Echo Isles,Thua,NghiaDepTrai,UD
10/13/2024 22:13:19,Lancelot,NE,Last Refuge,Thắng,NghiaDepTrai,UD
10/13/2024 22:20:37,Lancelot,NE,Amazonia,Thắng,NghiaDepTrai,UD
10/13/2024 22:30:16,Chairma,Orc,Last Refuge,Thua,Metallica,NE
10/13/2024 22:49:15,Chairma,Orc,Echo Isles,Thua,Metallica,NE
10/13/2024 23:03:46,Ichiban,Orc,Last Refuge,Thắng,Chairma,Orc
10/14/2024 6:46:44,Singlez,UD,Northern Isles,Thắng,tuanvu,Orc
10/14/2024 6:50:13,Singlez,HU,Echo Isles,Thắng,tuanvu,Orc
10/14/2024 6:54:26,Ichiban,Orc,Northern Isles,Thắng,Chairma,Orc
10/15/2024 16:24:37,Truongbaorong,UD,Amazonia,Thua,Metallica,NE
10/15/2024 16:24:59,Truongbaorong,UD,Last Refuge,Thua,Metallica,NE
10/15/2024 19:53:51,osho,NE,Echo Isles,Thắng,NghiaDepTrai,UD
10/15/2024 19:54:30,osho,NE,Last Refuge,Thắng,NghiaDepTrai,UD
10/15/2024 21:04:35,Domi,Orc,Concealed Hill,Thắng,Vinam,UD
10/15/2024 21:24:29,Domi,Orc,Amazonia,Thắng,Vinam,UD
10/16/2024 21:13:37,Domi,NE,Northern Isles,Thắng,TrieuVoi,Orc
10/16/2024 21:18:22,Domi,NE,Echo Isles,Thắng,TrieuVoi,Orc
10/17/2024 16:17:46,Ragnar,NE,Echo Isles,Thắng,NghiaDepTrai,UD
10/17/2024 16:18:01,Ragnar,NE,Last Refuge,Thắng,NghiaDepTrai,UD
10/18/2024 10:25:14,osho,NE,Northern Isles,Thắng,LichKing,Orc
10/18/2024 10:25:31,osho,NE,Echo Isles,Thắng,LichKing,UD
10/18/2024 17:52:26,Ichiban,Orc,Amazonia,Thắng,LichKing,HU
10/18/2024 17:52:51,Ichiban,Orc,Last Refuge,Thắng,LichKing,Orc
10/18/2024 17:58:45,Singlez,Orc,Hammerfall,Thắng,LichKing,Orc
10/18/2024 20:14:33,Singlez,HU,Echo Isles,Thắng,LichKing,UD
10/18/2024 20:32:16,osho,NE,Last Refuge,Thắng,Vinam,UD
10/18/2024 20:50:49,osho,NE,Concealed Hill,Thắng,Vinam,UD
10/19/2024 10:53:18,Wisdom,NE,Autumn Leaves,Thắng,Prac800ic,HU
10/19/2024 10:53:50,Wisdom,NE,Amazonia,Thắng,Prac800ic,HU
10/19/2024 11:33:35,TrieuVoi,HU,Amazonia,Thắng,Prac800ic,HU
10/19/2024 12:47:08,TrieuVoi,Orc,Autumn Leaves,Thắng,Prac800ic,HU
10/19/2024 16:21:12,osho,NE,Amazonia,Thắng,Wisdom,NE
10/19/2024 21:30:28,osho,NE,Autumn Leaves,Thắng,Kingtruong,Orc
10/19/2024 21:32:51,osho,NE,Last Refuge,Thắng,Kingtruong,HU
10/19/2024 22:29:44,Ragnar,NE,Amazonia,Thua,dailygao,Orc
10/19/2024 22:57:18,Singlez,Orc,Echo Isles,Thắng,dailygao,Orc
10/19/2024 23:03:53,Singlez,UD,Amazonia,Thắng,dailygao,Orc
10/20/2024 10:37:24,Wisdom,NE,Concealed Hill,Thua,Metallica,NE
10/20/2024 10:37:43,Wisdom,NE,Last Refuge,Thua,Metallica,NE
10/20/2024 10:45:24,Chairma,Orc,Concealed Hill,Thua,Singlez,UD
10/20/2024 10:52:24,Chairma,Orc,Northern Isles,Thua,Singlez,UD
10/20/2024 13:43:07,Ragnar,NE,Echo Isles,Thua,Fervis,UD
10/20/2024 13:48:45,Ragnar,NE,Last Refuge,Thắng,Fervis,UD
10/20/2024 13:55:18,Ragnar,NE,Concealed Hill,Thua,Fervis,UD
10/20/2024 13:59:58,Lancelot,HU,Last Refuge,Thắng,Wisdom,NE
10/20/2024 14:00:55,Lancelot,HU,Concealed Hill,Thua,Wisdom,NE
10/20/2024 14:55:38,Lancelot,HU,Amazonia,Thắng,tuanvu,Orc
10/20/2024 15:07:23,Lancelot,HU,Echo Isles,Thắng,tuanvu,Orc
10/20/2024 15:08:32,Lancelot,HU,Autumn Leaves,Thắng,Wisdom,NE
10/20/2024 15:15:35,hoanguyen,HU,Last Refuge,Thua,Wisdom,NE
10/20/2024 15:15:52,hoanguyen,HU,Echo Isles,Thua,Wisdom,NE
10/20/2024 15:21:15,2Life,HU,Echo Isles,Thắng,Metallica,NE
10/20/2024 15:37:48,2Life,HU,Concealed Hill,Thua,Metallica,NE
10/20/2024 15:52:08,2Life,HU,Amazonia,Thua,Metallica,NE
10/20/2024 16:28:56,Moon,NE,Northern Isles,Thua,Metallica,NE
10/20/2024 16:47:40,Moon,NE,Amazonia,Thua,Metallica,NE
10/20/2024 19:52:28,osho,NE,Northern Isles,Thắng,Wisdom,NE
11/12/2024 20:15:03,LazyOldMan,Orc,Concealed Hill,Thắng,Chairma,Orc
11/12/2024 20:21:51,LazyOldMan,Orc,Northern Isles,Thắng,Chairma,Orc
10/20/2024 22:16:17,Datmm09,Orc,Last Refuge,Thua,Fervis,UD
10/20/2024 22:21:15,Datmm09,Orc,Echo Isles,Thua,Fervis,UD
10/20/2024 22:27:29,Chairma,Orc,Hammerfall,Thua,Fervis,UD
10/20/2024 22:38:43,Chairma,Orc,Northern Isles,Thua,Fervis,UD
10/20/2024 22:44:15,longnt,Orc,Hammerfall,Thắng,Chairma,Orc
10/20/2024 22:49:43,longnt,HU,Northern Isles,Thua,Chairma,Orc
10/20/2024 22:55:26,longnt,Orc,Echo Isles,Thắng,Chairma,Orc
10/21/2024 10:30:06,Lancelot,HU,Northern Isles,Thắng,gobo2k,HU
10/21/2024 16:26:08,Lancelot,HU,Last Refuge,Thắng,gobo2k,UD
10/21/2024 16:30:02,Prac800ic,HU,Concealed Hill,Thua,Fervis,UD
10/21/2024 19:55:12,Prac800ic,HU,Autumn Leaves,Thua,Fervis,UD
10/21/2024 20:09:05,Prac800ic,HU,Last Refuge,Thua,Singlez,UD
10/21/2024 20:13:38,Prac800ic,HU,Amazonia,Thua,Singlez,UD
10/21/2024 20:18:43,osho,NE,Concealed Hill,Thắng,Prac800ic,HU
10/21/2024 20:23:01,osho,NE,Autumn Leaves,Thắng,Prac800ic,HU
10/22/2024 19:37:38,Prac800ic,HU,Autumn Leaves,Thua,Metallica,NE
10/22/2024 19:41:00,Prac800ic,HU,Echo Isles,Thua,Metallica,NE
10/22/2024 19:46:00,Ragnar,Orc,Northern Isles,Thắng,Prac800ic,Orc
10/22/2024 19:51:15,Ragnar,Orc,Echo Isles,Thắng,Prac800ic,Orc
10/23/2024 10:30:32,gobo2k,UD,Last Refuge,Thua,TriBui,HU
10/23/2024 13:18:53,gobo2k,HU,Echo Isles,Thua,TriBui,HU
11/18/2024 22:43:00,Ichiban,Orc,Hammerfall,Thắng,tuanvu,Orc
11/18/2024 22:43:35,Ichiban,Orc,Echo Isles,Thắng,tuanvu,Orc
10/23/2024 19:57:18,Afterall,HU,Echo Isles,Thua,tuanvu,Orc
10/23/2024 20:15:18,Afterall,HU,Last Refuge,Thắng,tuanvu,Orc
10/23/2024 20:21:48,Afterall,HU,Amazonia,Thắng,tuanvu,Orc
10/23/2024 20:35:09,osho,NE,Amazonia,Thắng,tuanvu,Orc
10/23/2024 20:44:05,osho,NE,Echo Isles,Thắng,tuanvu,Orc
10/24/2024 19:35:34,NghiaDepTrai,UD,Northern Isles,Thắng,Afterall,HU
10/24/2024 19:43:37,NghiaDepTrai,UD,Concealed Hill,Thua,Afterall,HU
10/24/2024 19:51:34,NghiaDepTrai,UD,Last Refuge,Thua,Afterall,HU
10/24/2024 21:15:16,LazyOldMan,Orc,Hammerfall,Thắng,NghiaDepTrai,UD
10/24/2024 21:32:35,Ninh,HU,Echo Isles,Thắng,Prac800ic,HU
10/24/2024 21:38:13,Ninh,HU,Autumn Leaves,Thắng,Prac800ic,HU
10/24/2024 22:54:59,LazyOldMan,Orc,Last Refuge,Thắng,NghiaDepTrai,UD
10/24/2024 22:56:09,Wisdom,NE,Autumn Leaves,Thua,Truongbaorong,UD
10/24/2024 22:56:32,Wisdom,NE,Northern Isles,Thắng,Truongbaorong,UD
10/24/2024 22:56:56,Wisdom,NE,Last Refuge,Thắng,Truongbaorong,Orc
10/25/2024 16:25:56,NghiaDepTrai,UD,Northern Isles,Thắng,Fervis,UD
10/25/2024 20:00:53,NghiaDepTrai,UD,Concealed Hill,Thua,Fervis,UD
10/25/2024 20:49:31,NghiaDepTrai,UD,Last Refuge,Thua,Fervis,UD
10/25/2024 22:02:52,LazyOldMan,Orc,Autumn Leaves,Thắng,Datmm09,Orc
10/25/2024 22:11:05,LazyOldMan,Orc,Echo Isles,Thắng,Datmm09,Orc
10/25/2024 22:17:14,osho,NE,Northern Isles,Thắng,SieuTitMit,Orc
10/25/2024 22:23:13,osho,NE,Amazonia,Thắng,SieuTitMit,UD
10/25/2024 23:44:02,TrieuVoi,Orc,Last Refuge,Thắng,SieuTitMit,UD
10/25/2024 23:44:40,TrieuVoi,Orc,Amazonia,Thắng,SieuTitMit,UD
10/26/2024 9:41:17,longnt,HU,Northern Isles,Thua,Wisdom,NE
10/26/2024 9:41:53,longnt,Orc,Amazonia,Thắng,Wisdom,NE
10/26/2024 9:42:31,longnt,HU,Last Refuge,Thua,Wisdom,NE
10/26/2024 11:01:57,SieuTitMit,UD,Northern Isles,Thắng,Fervis,UD
10/26/2024 11:06:32,SieuTitMit,UD,Last Refuge,Thua,Fervis,UD
10/26/2024 11:24:58,SieuTitMit,UD,Amazonia,Thua,Fervis,UD
10/26/2024 13:10:03,Ragnar,NE,Northern Isles,Thắng,SieuTitMit,UD
10/26/2024 13:14:43,Ragnar,NE,Amazonia,Thắng,SieuTitMit,UD
10/26/2024 13:20:05,DAT93BP,Orc,Echo Isles,Thua,tuanvu,Orc
10/26/2024 13:20:36,DAT93BP,UD,Hammerfall,Thua,tuanvu,Orc
10/26/2024 15:18:54,Ninh,NE,Hammerfall,Thắng,Wisdom,NE
10/26/2024 15:19:22,Ninh,NE,Amazonia,Thắng,Wisdom,NE
10/26/2024 22:43:46,hoanguyen,HU,Amazonia,Thắng,tuanvu,Orc
10/26/2024 22:44:35,hoanguyen,HU,Echo Isles,Thắng,tuanvu,Orc
10/26/2024 16:02:33,longnt,Orc,Northern Isles,Thua,Ninh,NE
10/26/2024 16:09:52,longnt,UD,Echo Isles,Thắng,Ninh,HU
10/26/2024 16:15:44,longnt,Orc,Last Refuge,Thua,Ninh,Orc
10/26/2024 19:50:46,Kingtruong,NE,Echo Isles,Thắng,LichKing,UD
10/26/2024 20:01:27,Kingtruong,NE,Last Refuge,Thắng,LichKing,HU
10/26/2024 20:30:55,Fervis,UD,Northern Isles,Thắng,LichKing,UD
10/26/2024 20:56:24,Fervis,UD,Echo Isles,Thắng,LichKing,Orc
10/26/2024 21:10:53,LazyOldMan,Orc,Echo Isles,Thua,dailygao,Orc
10/26/2024 21:14:14,LazyOldMan,Orc,Concealed Hill,Thắng,dailygao,Orc
10/26/2024 21:22:36,Kingtruong,NE,Northern Isles,Thắng,Prac800ic,HU
10/26/2024 21:41:30,Kingtruong,NE,Echo Isles,Thắng,Prac800ic,HU
10/26/2024 21:42:35,LazyOldMan,Orc,Amazonia,Thắng,dailygao,Orc
10/26/2024 22:09:48,Fervis,UD,Amazonia,Thua,dailygao,Orc
10/26/2024 22:22:18,hoanguyen,HU,Concealed Hill,Thua,TriBui,HU
10/26/2024 22:23:06,hoanguyen,HU,Hammerfall,Thua,TriBui,HU
10/27/2024 8:02:23,Fervis,UD,Concealed Hill,Thắng,dailygao,Orc
10/27/2024 8:05:32,Fervis,UD,Last Refuge,Thắng,dailygao,Orc
10/27/2024 9:12:10,Ichiban,Orc,Echo Isles,Thắng,longnt,HU
10/27/2024 9:39:23,Ichiban,Orc,Amazonia,Thắng,longnt,HU
10/27/2024 10:05:09,Ichiban,Orc,Autumn Leaves,Thắng,DAT93BP,Orc
10/27/2024 10:07:48,Ichiban,Orc,Hammerfall,Thắng,DAT93BP,HU
10/27/2024 11:28:10,socnho,Orc,Northern Isles,Thua,TriBui,HU
10/27/2024 11:29:30,socnho,Orc,Hammerfall,Thua,TriBui,HU
10/27/2024 13:21:11,Prac800ic,HU,Hammerfall,Thua,Afterall,HU
10/27/2024 13:21:41,Prac800ic,HU,Echo Isles,Thua,Afterall,HU
10/27/2024 13:22:23,socnho,Orc,Hammerfall,Thắng,dailygao,Orc
10/27/2024 13:23:07,socnho,HU,Amazonia,Thắng,dailygao,Orc
10/27/2024 14:40:53,Ninh,NE,Concealed Hill,Thắng,dailygao,Orc
10/27/2024 14:50:05,Ninh,Orc,Amazonia,Thắng,dailygao,Orc
10/27/2024 14:50:29,Wisdom,NE,Autumn Leaves,Thua,Afterall,HU
10/27/2024 14:51:01,Wisdom,NE,Concealed Hill,Thắng,Afterall,HU
10/27/2024 14:51:37,Wisdom,NE,Last Refuge,Thua,Afterall,HU
10/27/2024 20:39:00,longnt,Orc,Echo Isles,Thắng,Metallica,NE
10/27/2024 19:18:04,longnt,Orc,Concealed Hill,Thua,Metallica,NE
10/27/2024 19:23:24,longnt,Orc,Amazonia,Thua,Metallica,NE
10/27/2024 19:41:16,Vinam,UD,Amazonia,Thua,Afterall,HU
10/27/2024 19:44:58,Vinam,UD,Concealed Hill,Thắng,Afterall,HU
10/27/2024 19:52:47,Vinam,UD,Last Refuge,Thua,Afterall,HU
10/27/2024 19:55:56,Vinam,UD,Northern Isles,Thắng,Metallica,NE
10/27/2024 20:09:48,Vinam,UD,Concealed Hill,Thua,Metallica,NE
10/27/2024 20:24:39,Vinam,UD,Autumn Leaves,Thua,Metallica,NE
10/27/2024 20:36:09,Vinam,UD,Echo Isles,Thắng,TrieuVoi,Orc
10/27/2024 20:54:18,Vinam,UD,Last Refuge,Thắng,TrieuVoi,Orc
10/27/2024 21:16:38,TrieuVoi,Orc,Hammerfall,Thua,Fervis,UD
10/27/2024 21:19:55,Vinam,UD,Amazonia,Thắng,SieuTitMit,UD
10/27/2024 21:32:58,TrieuVoi,Orc,Echo Isles,Thua,Fervis,UD
10/27/2024 21:39:22,Vinam,UD,Echo Isles,Thắng,SieuTitMit,UD
10/27/2024 21:59:51,Vinam,UD,Last Refuge,Thua,Fervis,UD
10/27/2024 22:49:37,Vinam,UD,Concealed Hill,Thua,Fervis,UD
10/27/2024 22:59:52,Vinam,UD,Autumn Leaves,Thắng,TriBui,HU
10/27/2024 23:09:59,Vinam,UD,Hammerfall,Thắng,TriBui,HU
11/18/2024 22:44:09,socnho,Orc,Last Refuge,Thắng,tuanvu,Orc
11/18/2024 22:44:43,socnho,HU,Amazonia,Thắng,tuanvu,Orc
10/28/2024 22:45:48,hoanguyen,NE,Northern Isles,Thua,Truongbaorong,UD
10/28/2024 23:07:21,hoanguyen,Orc,Amazonia,Thắng,Truongbaorong,UD
10/29/2024 8:07:15,hoanguyen,HU,Autumn Leaves,Thua,Truongbaorong,UD
10/29/2024 8:08:17,gobo2k,HU,Hammerfall,Thua,Truongbaorong,UD
10/29/2024 8:09:13,gobo2k,NE,Echo Isles,Thua,Truongbaorong,UD
10/29/2024 20:41:06,NghiaDepTrai,UD,Concealed Hill,Thua,Metallica,NE
10/29/2024 20:47:07,Vinam,UD,Hammerfall,Thắng,Kingtruong,HU
10/29/2024 21:14:48,Vinam,UD,Concealed Hill,Thua,Kingtruong,Orc
10/29/2024 21:36:45,Vinam,UD,Northern Isles,Thắng,Kingtruong,Orc
10/30/2024 10:23:31,Vinam,UD,Autumn Leaves,Thắng,DAT93BP,Orc
10/30/2024 10:25:33,Vinam,UD,Hammerfall,Thắng,DAT93BP,UD
10/30/2024 20:16:22,Fervis,UD,Autumn Leaves,Thắng,tuanvu,Orc
10/30/2024 20:21:33,Fervis,UD,Amazonia,Thắng,tuanvu,Orc
10/30/2024 20:54:44,Vinam,UD,Northern Isles,Thắng,Kephongluu,Orc
10/30/2024 21:05:10,Vinam,UD,Last Refuge,Thắng,Kephongluu,HU
10/30/2024 21:50:38,Moon,NE,Amazonia,Thắng,dailygao,Orc
10/30/2024 21:55:35,Moon,NE,Hammerfall,Thắng,Kephongluu,Orc
10/30/2024 22:32:32,Moon,NE,Concealed Hill,Thắng,Kephongluu,Orc
10/30/2024 22:36:51,Lancelot,HU,Autumn Leaves,Thắng,Kephongluu,Orc
10/30/2024 22:37:56,Lancelot,HU,Echo Isles,Thắng,Kephongluu,Orc
10/30/2024 22:45:43,Vinam,UD,Amazonia,Thua,Truongbaorong,UD
10/30/2024 22:49:23,Vinam,UD,Concealed Hill,Thắng,Truongbaorong,UD
10/30/2024 22:50:39,Vinam,UD,Last Refuge,Thắng,Truongbaorong,UD
10/30/2024 22:52:26,longnt,NE,Autumn Leaves,Thắng,Kephongluu,Orc
10/30/2024 22:58:58,longnt,NE,Amazonia,Thắng,Kephongluu,Orc
10/30/2024 23:16:49,hoanguyen,HU,Amazonia,Thắng,Kephongluu,HU
10/31/2024 7:35:54,hoanguyen,Orc,Concealed Hill,Thua,Kephongluu,UD
10/31/2024 7:42:16,hoanguyen,NE,Hammerfall,Thua,Kephongluu,Orc
10/31/2024 23:08:09,2Life,HU,Last Refuge,Thua,Afterall,UD
10/31/2024 23:08:40,2Life,HU,Echo Isles,Thua,Afterall,HU
10/31/2024 23:09:11,Vinam,UD,Echo Isles,Thắng,2Life,HU
10/31/2024 23:09:37,Vinam,UD,Amazonia,Thắng,2Life,HU
10/31/2024 23:10:33,hoanguyen,Orc,Northern Isles,Thắng,Prac800ic,HU
10/31/2024 23:10:52,hoanguyen,UD,Echo Isles,Thắng,Prac800ic,HU
11/1/2024 20:01:00,NghiaDepTrai,UD,Hammerfall,Thua,TriBui,HU
11/1/2024 20:01:38,NghiaDepTrai,UD,Echo Isles,Thua,TriBui,HU
11/1/2024 20:02:41,DAT93BP,Orc,Last Refuge,Thua,TriBui,HU
11/1/2024 20:04:01,DAT93BP,UD,Concealed Hill,Thua,TriBui,HU
11/1/2024 20:11:30,gobo2k,HU,Echo Isles,Thua,Moon,NE
11/1/2024 20:16:32,gobo2k,Orc,Amazonia,Thua,Moon,NE
11/1/2024 20:21:03,Moon,NE,Autumn Leaves,Thắng,TriBui,HU
11/1/2024 20:29:43,Moon,NE,Concealed Hill,Thua,TriBui,HU
11/1/2024 20:48:47,Moon,NE,Amazonia,Thắng,TriBui,HU
11/1/2024 21:17:26,NghiaDepTrai,UD,Last Refuge,Thắng,Datmm09,Orc
11/1/2024 21:18:12,NghiaDepTrai,UD,Echo Isles,Thắng,Datmm09,Orc
11/1/2024 21:44:04,Ragnar,NE,Echo Isles,Thắng,Kephongluu,Orc
11/1/2024 21:58:49,Ragnar,NE,Hammerfall,Thắng,Kephongluu,Orc
11/2/2024 14:32:37,Domi,HU,Hammerfall,Thắng,Kephongluu,Orc
11/2/2024 15:10:31,Domi,Orc,Last Refuge,Thắng,Kephongluu,Orc
11/2/2024 15:12:28,SieuTitMit,UD,Amazonia,Thua,Metallica,NE
11/2/2024 15:13:11,SieuTitMit,Orc,Autumn Leaves,Thua,Metallica,NE
11/2/2024 15:16:34,Kingtruong,Orc,Echo Isles,Thắng,SieuTitMit,UD
11/2/2024 15:17:19,Kingtruong,UD,Amazonia,Thắng,SieuTitMit,UD
11/2/2024 16:25:28,Ichiban,HU,Amazonia,Thắng,SieuTitMit,UD
11/2/2024 16:26:53,Ichiban,HU,Autumn Leaves,Thắng,SieuTitMit,UD
11/2/2024 16:33:25,Afterall,HU,Amazonia,Thắng,Metallica,NE
11/2/2024 16:49:24,Afterall,HU,Concealed Hill,Thắng,Metallica,NE
11/3/2024 10:53:07,Vinam,UD,Northern Isles,Thắng,Wisdom,NE
11/3/2024 10:54:37,Vinam,UD,Concealed Hill,Thua,Wisdom,NE
11/3/2024 10:55:03,Vinam,UD,Amazonia,Thắng,Wisdom,NE
11/3/2024 11:28:48,SieuTitMit,Orc,Concealed Hill,Thua,Kephongluu,Orc
11/3/2024 13:18:48,SieuTitMit,UD,Amazonia,Thua,Kephongluu,Orc
11/3/2024 13:24:21,NghiaDepTrai,UD,Echo Isles,Thắng,hoanguyen,NE
11/3/2024 13:24:49,NghiaDepTrai,UD,Amazonia,Thắng,hoanguyen,HU
11/3/2024 15:09:20,socnho,NE,Last Refuge,Thắng,Kephongluu,Orc
11/3/2024 15:16:39,socnho,Orc,Hammerfall,Thua,Kephongluu,Orc
11/3/2024 15:22:06,socnho,HU,Concealed Hill,Thắng,Kephongluu,NE
11/3/2024 16:10:08,NghiaDepTrai,UD,Northern Isles,Thua,Kephongluu,Orc
11/3/2024 16:20:50,NghiaDepTrai,UD,Autumn Leaves,Thắng,Kephongluu,Orc
11/3/2024 16:31:18,NghiaDepTrai,UD,Amazonia,Thắng,Kephongluu,NE
11/3/2024 17:02:55,Ninh,Orc,Concealed Hill,Thắng,Moon,NE
11/3/2024 19:45:50,Ninh,Orc,Amazonia,Thắng,Moon,NE
11/3/2024 20:01:42,Ninh,NE,Amazonia,Thắng,NghiaDepTrai,UD
11/3/2024 20:16:00,Ninh,HU,Autumn Leaves,Thắng,NghiaDepTrai,UD
11/3/2024 20:23:36,LichKing,UD,Amazonia,Thua,Metallica,NE
11/3/2024 20:34:20,LichKing,UD,Last Refuge,Thua,Metallica,NE
11/3/2024 20:54:17,Domi,HU,Last Refuge,Thắng,LichKing,UD
11/3/2024 21:00:14,Domi,UD,Echo Isles,Thắng,LichKing,UD
11/5/2024 22:16:32,Ninh,UD,Amazonia,Thắng,Chairma,Orc
11/5/2024 22:21:26,Ninh,UD,Northern Isles,Thắng,Chairma,Orc
11/3/2024 21:28:42,Ninh,Orc,Autumn Leaves,Thắng,LichKing,UD
11/3/2024 21:37:58,LazyOldMan,Orc,Amazonia,Thắng,Kephongluu,Orc
11/3/2024 21:45:55,LazyOldMan,Orc,Last Refuge,Thắng,Kephongluu,Orc
11/3/2024 21:49:28,Ninh,Orc,Echo Isles,Thắng,LichKing,Orc
11/3/2024 22:40:49,hoanguyen,UD,Autumn Leaves,Thua,Chairma,Orc
11/3/2024 22:42:09,hoanguyen,UD,Amazonia,Thắng,Chairma,Orc
11/3/2024 22:43:01,hoanguyen,UD,Northern Isles,Thua,Chairma,Orc
11/4/2024 19:59:08,DAT93BP,HU,Hammerfall,Thua,SieuTitMit,Orc
11/4/2024 19:59:53,DAT93BP,NE,Amazonia,Thua,SieuTitMit,UD
11/5/2024 19:20:28,Domi,UD,Concealed Hill,Thắng,Metallica,NE
11/5/2024 19:25:13,Domi,NE,Last Refuge,Thắng,Metallica,NE
11/5/2024 21:47:42,osho,NE,Last Refuge,Thắng,Moon,NE
11/5/2024 21:49:34,osho,NE,Amazonia,Thắng,Moon,NE
11/5/2024 21:50:14,Domi,NE,Amazonia,Thắng,osho,NE
11/5/2024 21:51:08,Domi,NE,Last Refuge,Thua,osho,NE
11/5/2024 21:51:23,Domi,NE,Echo Isles,Thắng,osho,NE
11/6/2024 13:22:38,Ragnar,NE,Concealed Hill,Thua,LazyOldMan,Orc
11/6/2024 13:23:21,Ragnar,NE,Last Refuge,Thua,LazyOldMan,Orc
11/6/2024 20:13:09,NghiaDepTrai,UD,Northern Isles,Thắng,LichKing,UD
11/6/2024 20:26:14,NghiaDepTrai,UD,Echo Isles,Thắng,LichKing,Orc
11/6/2024 21:11:44,Afterall,HU,Concealed Hill,Thắng,LichKing,UD
11/6/2024 21:14:40,Afterall,HU,Echo Isles,Thắng,LichKing,UD
11/6/2024 22:14:16,LazyOldMan,Orc,Hammerfall,Thắng,LichKing,UD
11/6/2024 22:19:14,LazyOldMan,Orc,Echo Isles,Thắng,LichKing,UD
11/6/2024 22:32:30,NghiaDepTrai,UD,Last Refuge,Thua,Moon,NE
11/6/2024 22:33:11,NghiaDepTrai,UD,Amazonia,Thua,Moon,NE
11/6/2024 23:14:29,gobo2k,UD,Concealed Hill,Thắng,NghiaDepTrai,UD
11/7/2024 7:24:20,gobo2k,UD,Amazonia,Thua,NghiaDepTrai,UD
11/7/2024 7:35:49,gobo2k,UD,Echo Isles,Thắng,NghiaDepTrai,UD
11/7/2024 20:07:25,Domi,NE,Amazonia,Thắng,Fervis,UD
11/7/2024 20:12:04,Domi,NE,Last Refuge,Thắng,Fervis,UD
11/7/2024 20:24:35,Domi,UD,Autumn Leaves,Thắng,Afterall,HU
11/7/2024 21:26:12,Domi,Orc,Concealed Hill,Thắng,Afterall,HU
11/7/2024 23:11:15,osho,NE,Echo Isles,Thắng,Kephongluu,Orc
11/7/2024 23:18:54,osho,NE,Amazonia,Thắng,Kephongluu,Orc
11/8/2024 13:38:47,Prac800ic,HU,Echo Isles,Thua,tuanvu,Orc
11/8/2024 13:40:01,Prac800ic,HU,Amazonia,Thắng,tuanvu,Orc
11/8/2024 13:40:40,Prac800ic,HU,Autumn Leaves,Thua,tuanvu,Orc
11/8/2024 13:48:41,Ninh,HU,Last Refuge,Thắng,tuanvu,Orc
11/8/2024 13:54:21,Ninh,HU,Amazonia,Thắng,tuanvu,Orc
11/8/2024 14:02:06,osho,NE,Amazonia,Thắng,Ninh,Orc
11/8/2024 14:10:20,osho,NE,Echo Isles,Thua,Ninh,Orc
11/8/2024 14:21:19,osho,NE,Last Refuge,Thắng,Ninh,NE
11/8/2024 20:41:16,Domi,Orc,Concealed Hill,Thắng,Ichiban,Orc
11/8/2024 21:16:15,Domi,Orc,Last Refuge,Thắng,Ichiban,Orc
11/8/2024 21:35:53,Ichiban,Orc,Concealed Hill,Thắng,Ninh,Orc
11/8/2024 21:44:29,Ichiban,Orc,Amazonia,Thua,Ninh,Orc
11/8/2024 21:51:12,Ichiban,Orc,Northern Isles,Thắng,Ninh,Orc
11/9/2024 9:20:39,Wisdom,NE,Amazonia,Thua,Fervis,UD
11/9/2024 9:21:15,Wisdom,NE,Northern Isles,Thua,Fervis,UD
11/9/2024 11:08:52,Wisdom,NE,Northern Isles,Thua,Moon,NE
11/9/2024 11:10:35,Wisdom,NE,Last Refuge,Thua,Moon,NE
11/9/2024 21:51:17,Datmm09,Orc,Echo Isles,Thua,Kephongluu,Orc
11/9/2024 21:59:09,Datmm09,Orc,Concealed Hill,Thua,Kephongluu,Orc
11/9/2024 22:06:30,Wisdom,NE,Northern Isles,Thua,Datmm09,Orc
11/9/2024 22:06:52,Wisdom,NE,Last Refuge,Thắng,Datmm09,Orc
11/9/2024 22:07:32,Wisdom,NE,Echo Isles,Thắng,Datmm09,Orc
11/9/2024 22:11:54,osho,NE,Autumn Leaves,Thắng,hoanguyen,UD
11/9/2024 22:17:08,osho,NE,Echo Isles,Thắng,hoanguyen,HU
11/9/2024 22:21:31,hoanguyen,HU,Hammerfall,Thua,Moon,NE
11/9/2024 22:25:09,hoanguyen,Orc,Amazonia,Thua,Moon,NE
11/9/2024 22:25:44,LazyOldMan,Orc,Echo Isles,Thắng,Wisdom,NE
11/9/2024 22:26:02,LazyOldMan,Orc,Northern Isles,Thắng,Wisdom,NE
11/10/2024 7:26:51,osho,NE,Hammerfall,Thắng,Datmm09,Orc
11/10/2024 7:27:42,osho,NE,Echo Isles,Thắng,Datmm09,Orc
11/10/2024 11:35:25,TriBui,HU,Echo Isles,Thắng,dailygao,Orc
11/10/2024 13:35:48,TriBui,HU,Amazonia,Thắng,dailygao,Orc
11/10/2024 13:40:24,DAT93BP,NE,Autumn Leaves,Thua,dailygao,Orc
11/10/2024 13:48:03,DAT93BP,Orc,Hammerfall,Thua,dailygao,Orc
11/10/2024 14:46:34,osho,NE,Last Refuge,Thua,Metallica,NE
11/10/2024 14:46:57,osho,NE,Concealed Hill,Thua,Metallica,NE
11/10/2024 15:34:01,Ichiban,Orc,Concealed Hill,Thắng,Wisdom,NE
11/10/2024 15:34:16,Ichiban,Orc,Northern Isles,Thắng,Wisdom,NE
11/10/2024 15:57:40,Lancelot,HU,Hammerfall,Thua,Metallica,NE
11/10/2024 15:58:07,Lancelot,HU,Last Refuge,Thắng,Metallica,NE
11/10/2024 15:58:27,Lancelot,HU,Concealed Hill,Thắng,Metallica,NE
11/10/2024 16:42:52,Lancelot,HU,Hammerfall,Thua,Moon,NE
11/10/2024 16:55:39,Lancelot,HU,Last Refuge,Thua,Moon,NE
11/12/2024 21:20:50,Metallica,NE,Concealed Hill,Thắng,tuanvu,Orc
11/12/2024 21:22:02,Metallica,NE,Echo Isles,Thắng,tuanvu,Orc
11/12/2024 21:23:17,Chairma,Orc,Concealed Hill,Thua,TriBui,HU
11/12/2024 21:23:59,Chairma,Orc,Northern Isles,Thua,TriBui,HU
11/12/2024 21:24:43,Domi,NE,Last Refuge,Thắng,Chairma,Orc
11/12/2024 21:25:12,Domi,UD,Northern Isles,Thắng,Chairma,Orc
11/12/2024 21:38:24,LazyOldMan,Orc,Autumn Leaves,Thắng,Moon,NE
11/12/2024 21:43:24,LazyOldMan,Orc,Amazonia,Thua,Moon,NE
11/12/2024 21:46:08,LazyOldMan,Orc,Concealed Hill,Thua,Moon,NE
11/13/2024 10:22:49,Domi,NE,Echo Isles,Thắng,LazyOldMan,Orc
11/13/2024 10:30:39,Domi,UD,Concealed Hill,Thắng,LazyOldMan,Orc
11/13/2024 20:02:56,Lancelot,HU,Amazonia,Thắng,Kingtruong,Orc
11/13/2024 20:07:32,Lancelot,HU,Concealed Hill,Thắng,Kingtruong,HU
11/15/2024 20:07:59,Prac800ic,HU,Amazonia,Thắng,Datmm09,Orc
11/15/2024 20:08:41,Prac800ic,HU,Echo Isles,Thắng,Datmm09,Orc
11/15/2024 20:10:05,Datmm09,Orc,Last Refuge,Thua,Afterall,HU
11/15/2024 20:11:10,Datmm09,Orc,Echo Isles,Thua,Afterall,HU
11/15/2024 21:09:23,Truongbaorong,UD,Autumn Leaves,Thua,dailygao,Orc
11/15/2024 21:12:42,Truongbaorong,UD,Last Refuge,Thắng,dailygao,Orc
11/15/2024 21:19:35,Truongbaorong,UD,Amazonia,Thắng,dailygao,Orc
11/16/2024 22:43:47,SieuTitMit,Orc,Amazonia,Thua,dailygao,Orc
11/16/2024 22:56:24,SieuTitMit,UD,Autumn Leaves,Thắng,dailygao,Orc
11/17/2024 10:15:24,NghiaDepTrai,UD,Hammerfall,Thua,TrieuVoi,Orc
11/17/2024 10:30:25,NghiaDepTrai,UD,Concealed Hill,Thắng,TrieuVoi,Orc
11/17/2024 10:47:59,NghiaDepTrai,UD,Last Refuge,Thua,TrieuVoi,Orc
11/17/2024 13:10:25,socnho,UD,Northern Isles,Thua,TrieuVoi,Orc
11/17/2024 14:34:15,socnho,Orc,Concealed Hill,Thua,TrieuVoi,Orc
11/17/2024 14:34:32,socnho,UD,Hammerfall,Thua,Wisdom,NE
11/17/2024 14:34:53,socnho,Orc,Echo Isles,Thắng,Wisdom,NE
11/17/2024 14:35:08,socnho,NE,Northern Isles,Thắng,Wisdom,NE
11/17/2024 15:56:12,Ichiban,Orc,Concealed Hill,Thắng,socnho,Orc
11/17/2024 15:57:06,Ichiban,Orc,Echo Isles,Thắng,socnho,UD
11/17/2024 16:00:27,socnho,NE,Concealed Hill,Thua,Metallica,NE
11/18/2024 22:45:29,DAT93BP,Orc,Last Refuge,Thắng,Kephongluu,Orc
11/18/2024 22:46:03,DAT93BP,Orc,Amazonia,Thua,Kephongluu,Orc
11/18/2024 22:46:32,DAT93BP,UD,Concealed Hill,Thua,Kephongluu,Orc
11/20/2024 20:29:09,SieuTitMit,UD,Echo Isles,Thắng,dailygao,Orc
11/21/2024 21:46:12,Truongbaorong,UD,Hammerfall,Thua,Kephongluu,Orc
11/21/2024 22:00:27,Truongbaorong,UD,Last Refuge,Thắng,Kephongluu,Orc
11/21/2024 22:14:46,Truongbaorong,UD,Echo Isles,Thắng,Kephongluu,Orc
11/22/2024 20:28:17,Metallica,NE,Northern Isles,Thắng,dailygao,Orc
11/22/2024 20:38:58,Metallica,NE,Amazonia,Thắng,dailygao,Orc
11/23/2024 21:52:21,gobo2k,UD,Autumn Leaves,Thua,Wisdom,NE
11/23/2024 21:52:55,gobo2k,UD,Concealed Hill,Thắng,Wisdom,NE
11/23/2024 21:54:48,gobo2k,Orc,Northern Isles,Thắng,Wisdom,NE
11/23/2024 22:17:38,Vinam,UD,Amazonia,Thắng,gobo2k,HU
11/23/2024 22:18:08,Vinam,UD,Concealed Hill,Thắng,gobo2k,UD
11/24/2024 13:37:25,Chairma,Orc,Autumn Leaves,Thắng,Kephongluu,Orc
11/24/2024 13:41:08,Chairma,Orc,Last Refuge,Thua,Kephongluu,Orc
11/24/2024 13:57:33,Chairma,Orc,Northern Isles,Thắng,Kephongluu,Orc
11/24/2024 15:17:25,gobo2k,Orc,Amazonia,Thua,Metallica,NE
11/24/2024 15:18:44,gobo2k,Orc,Concealed Hill,Thua,Metallica,NE
11/24/2024 16:48:22,gobo2k,Orc,Echo Isles,Thắng,tuanvu,Orc
11/24/2024 16:48:49,gobo2k,HU,Amazonia,Thua,tuanvu,Orc
11/24/2024 16:49:17,gobo2k,HU,Autumn Leaves,Thua,tuanvu,Orc
11/24/2024 19:45:49,Chairma,Orc,Northern Isles,Thắng,gobo2k,UD
11/24/2024 19:46:34,Chairma,Orc,Echo Isles,Thắng,gobo2k,HU
11/25/2024 19:39:45,Chairma,Orc,Amazonia,Thắng,tuanvu,Orc
11/25/2024 19:40:12,Chairma,Orc,Autumn Leaves,Thắng,tuanvu,Orc
11/25/2024 19:40:50,hoanguyen,NE,Amazonia,Thua,Kingtruong,Orc
11/25/2024 19:41:18,hoanguyen,NE,Echo Isles,Thua,Kingtruong,NE
11/25/2024 19:41:48,Kingtruong,HU,Last Refuge,Thắng,tuanvu,Orc
11/25/2024 19:42:20,Kingtruong,HU,Amazonia,Thắng,tuanvu,Orc
11/25/2024 22:42:35,TrieuVoi,Orc,Echo Isles,Thắng,Metallica,NE
11/25/2024 22:47:22,TrieuVoi,Orc,Last Refuge,Thua,Metallica,NE
11/25/2024 22:55:56,TrieuVoi,Orc,Autumn Leaves,Thua,Metallica,NE
11/26/2024 20:32:50,TrieuVoi,Orc,Autumn Leaves,Thắng,Kephongluu,Orc
11/26/2024 20:41:47,TrieuVoi,Orc,Last Refuge,Thắng,Kephongluu,Orc
11/27/2024 20:19:23,Kingtruong,HU,Northern Isles,Thua,TriBui,HU
11/27/2024 20:20:00,Kingtruong,HU,Concealed Hill,Thua,TriBui,HU
11/27/2024 20:28:34,Kingtruong,NE,Amazonia,Thắng,Kephongluu,Orc
11/27/2024 20:44:10,Kingtruong,HU,Last Refuge,Thua,Kephongluu,Orc
11/27/2024 21:42:59,TriBui,HU,Amazonia,Thắng,Kephongluu,Orc
11/27/2024 21:56:28,TriBui,HU,Last Refuge,Thắng,Kephongluu,Orc
11/29/2024 13:19:21,gobo2k,Orc,Concealed Hill,Thua,SieuTitMit,Orc
11/29/2024 13:19:52,gobo2k,Orc,Amazonia,Thắng,SieuTitMit,Orc
11/29/2024 13:20:35,gobo2k,NE,Echo Isles,Thua,SieuTitMit,UD
11/29/2024 13:21:56,Metallica,NE,Northern Isles,Thắng,Kephongluu,Orc
11/29/2024 13:22:23,Metallica,NE,Last Refuge,Thắng,Kephongluu,Orc
11/30/2024 14:17:40,dailygao,Orc,Hammerfall,Thắng,tuanvu,Orc
11/30/2024 14:18:05,dailygao,Orc,Amazonia,Thua,tuanvu,Orc
11/30/2024 14:18:26,dailygao,Orc,Concealed Hill,Thắng,tuanvu,Orc
11/30/2024 14:23:04,hoanguyen,Orc,Echo Isles,Thua,SieuTitMit,Orc
11/30/2024 14:23:42,hoanguyen,Orc,Amazonia,Thắng,SieuTitMit,Orc
11/30/2024 14:25:17,hoanguyen,UD,Last Refuge,Thắng,SieuTitMit,Orc
11/30/2024 14:26:18,TriBui,HU,Northern Isles,Thắng,tuanvu,Orc
11/30/2024 14:26:48,TriBui,HU,Amazonia,Thắng,tuanvu,Orc
12/1/2024 7:43:47,Datmm09,Orc,Northern Isles,Thua,dailygao,Orc
12/1/2024 7:44:09,Datmm09,Orc,Echo Isles,Thua,dailygao,Orc
12/1/2024 7:45:08,Datmm09,Orc,Last Refuge,Thua,LichKing,UD
12/1/2024 7:45:50,Datmm09,Orc,Echo Isles,Thua,LichKing,UD
12/1/2024 7:46:42,NghiaDepTrai,UD,Northern Isles,Thua,SieuTitMit,Orc
12/1/2024 7:47:14,NghiaDepTrai,UD,Last Refuge,Thua,SieuTitMit,Orc
12/1/2024 7:48:27,LazyOldMan,Orc,Amazonia,Thua,TriBui,HU
12/1/2024 7:48:56,LazyOldMan,Orc,Echo Isles,Thua,TriBui,HU
12/1/2024 7:50:25,Domi,HU,Echo Isles,Thắng,Singlez,UD
12/1/2024 7:51:00,Domi,HU,Last Refuge,Thắng,Singlez,UD
12/1/2024 7:51:58,Vinam,UD,Autumn Leaves,Thua,Singlez,UD
12/1/2024 7:52:29,Vinam,UD,Last Refuge,Thua,Singlez,UD
12/1/2024 7:53:18,Vinam,UD,Echo Isles,Thua,Moon,NE
12/1/2024 7:53:42,Vinam,UD,Amazonia,Thua,Moon,NE
12/1/2024 8:31:13,Vinam,UD,Autumn Leaves,Thua,LazyOldMan,Orc
12/1/2024 8:31:35,Vinam,Orc,Last Refuge,Thắng,LazyOldMan,Orc
12/1/2024 8:31:57,Vinam,Orc,Echo Isles,Thắng,LazyOldMan,Orc
12/1/2024 8:32:52,Datmm09,Orc,Echo Isles,Thua,Moon,NE
12/1/2024 8:33:21,Datmm09,Orc,Amazonia,Thua,Moon,NE
12/1/2024 8:34:05,Datmm09,Orc,Autumn Leaves,Thua,TriBui,HU
12/1/2024 8:34:31,Datmm09,Orc,Echo Isles,Thua,TriBui,HU
12/1/2024 8:35:27,hoanguyen,UD,Hammerfall,Thắng,Metallica,NE
12/1/2024 8:35:57,hoanguyen,Orc,Concealed Hill,Thua,Metallica,NE
12/1/2024 8:36:15,hoanguyen,NE,Amazonia,Thua,Metallica,NE
12/1/2024 8:37:07,TrieuVoi,HU,Amazonia,Thua,Singlez,UD
12/1/2024 8:37:27,TrieuVoi,Orc,Autumn Leaves,Thua,Singlez,UD
12/1/2024 8:38:17,Chairma,Orc,Echo Isles,Thua,NghiaDepTrai,UD
12/1/2024 9:56:45,Chairma,Orc,Northern Isles,Thắng,NghiaDepTrai,UD
12/1/2024 9:57:22,Chairma,Orc,Concealed Hill,Thua,NghiaDepTrai,UD
12/1/2024 12:01:53,Datmm09,Orc,Concealed Hill,Thua,tuanvu,Orc
12/1/2024 12:02:19,Datmm09,Orc,Echo Isles,Thua,tuanvu,Orc
12/1/2024 13:16:10,Ragnar,NE,Autumn Leaves,Thắng,hoanguyen,UD
12/1/2024 13:16:43,Ragnar,NE,Echo Isles,Thua,hoanguyen,NE
12/1/2024 13:17:22,Ragnar,NE,Northern Isles,Thắng,hoanguyen,Orc
12/1/2024 13:18:14,osho,NE,Hammerfall,Thắng,TrieuVoi,Orc
12/1/2024 13:18:39,osho,NE,Last Refuge,Thắng,TrieuVoi,Orc
12/1/2024 13:19:32,NghiaDepTrai,UD,Autumn Leaves,Thua,tuanvu,Orc
12/1/2024 13:19:52,NghiaDepTrai,UD,Concealed Hill,Thua,tuanvu,Orc
12/1/2024 13:20:33,hoanguyen,Orc,Concealed Hill,Thua,TrieuVoi,Orc
12/1/2024 13:20:51,hoanguyen,UD,Echo Isles,Thua,TrieuVoi,Orc
12/1/2024 13:21:51,TrieuVoi,Orc,Concealed Hill,Thắng,Kingtruong,UD
12/1/2024 13:22:19,TrieuVoi,Orc,Last Refuge,Thua,Kingtruong,Orc
12/1/2024 13:22:49,TrieuVoi,Orc,Echo Isles,Thắng,Kingtruong,Orc
12/1/2024 13:23:38,Kingtruong,UD,Hammerfall,Thua,Metallica,NE
12/1/2024 13:24:12,Kingtruong,UD,Last Refuge,Thua,Metallica,NE
12/1/2024 13:24:52,Kingtruong,UD,Autumn Leaves,Thua,Fervis,UD
12/1/2024 13:25:16,Kingtruong,UD,Last Refuge,Thua,Fervis,UD
1/1/2025 8:28:47,Truongbaorong,UD,Echo Isles,Thắng,tuanvu,Orc
1/1/2025 8:29:38,Truongbaorong,UD,Amazonia,Thắng,tuanvu,Orc
12/3/2024 21:07:54,TrieuVoi,Orc,Last Refuge,Thua,Afterall,HU
12/3/2024 21:08:16,TrieuVoi,Orc,Echo Isles,Thắng,Afterall,HU
12/3/2024 21:08:36,TrieuVoi,Orc,Concealed Hill,Thua,Afterall,HU
12/3/2024 21:09:48,DAT93BP,HU,Concealed Hill,Thua,Fervis,UD
12/3/2024 21:10:18,DAT93BP,HU,Hammerfall,Thua,Fervis,UD
12/3/2024 21:33:57,DAT93BP,Orc,Autumn Leaves,Thua,Metallica,NE
12/3/2024 21:34:35,DAT93BP,HU,Echo Isles,Thua,Metallica,NE
12/3/2024 21:35:54,gobo2k,Orc,Amazonia,Thắng,Datmm09,Orc
12/3/2024 21:37:10,gobo2k,Orc,Echo Isles,Thắng,Datmm09,Orc
12/3/2024 21:42:46,LichKing,UD,Hammerfall,Thua,TriBui,HU
12/3/2024 21:43:17,LichKing,UD,Echo Isles,Thua,TriBui,HU
12/3/2024 21:45:16,Ragnar,NE,Concealed Hill,Thua,tuanvu,Orc
12/3/2024 21:46:35,Ragnar,NE,Northern Isles,Thắng,tuanvu,Orc
12/3/2024 21:47:37,Ragnar,NE,Amazonia,Thắng,tuanvu,Orc
12/3/2024 21:49:27,Moon,NE,Concealed Hill,Thắng,tuanvu,Orc
12/3/2024 21:50:22,Moon,NE,Autumn Leaves,Thắng,tuanvu,Orc
12/8/2024 8:21:39,gobo2k,HU,Autumn Leaves,Thua,dailygao,Orc
12/8/2024 8:22:07,gobo2k,HU,Hammerfall,Thắng,dailygao,Orc
12/8/2024 8:22:45,gobo2k,HU,Amazonia,Thắng,dailygao,Orc
12/8/2024 8:25:24,gobo2k,UD,Last Refuge,Thắng,TrieuVoi,Orc
12/8/2024 8:25:50,gobo2k,Orc,Autumn Leaves,Thắng,TrieuVoi,Orc
12/8/2024 8:26:50,Lancelot,HU,Concealed Hill,Thắng,TrieuVoi,UD
12/8/2024 8:27:17,Lancelot,HU,Echo Isles,Thắng,TrieuVoi,NE
12/8/2024 9:40:40,hoanguyen,UD,Autumn Leaves,Thua,Fervis,UD
12/8/2024 9:40:58,hoanguyen,Orc,Echo Isles,Thua,Fervis,UD
12/9/2024 8:19:28,Ichiban,Orc,Hammerfall,Thắng,hoanguyen,NE
12/9/2024 8:19:54,Ichiban,Orc,Echo Isles,Thắng,hoanguyen,UD
12/9/2024 8:18:25,Vinam,Orc,Hammerfall,Thắng,hoanguyen,HU
12/9/2024 8:20:16,Vinam,Orc,Echo Isles,Thắng,hoanguyen,Orc
12/9/2024 8:22:02,hoanguyen,Orc,Northern Isles,Thua,Singlez,UD
12/9/2024 8:22:33,hoanguyen,NE,Echo Isles,Thua,Singlez,UD
12/10/2024 21:46:33,Afterall,HU,Amazonia,Thắng,dailygao,Orc
12/10/2024 21:46:53,Afterall,HU,Concealed Hill,Thua,dailygao,Orc
12/11/2024 16:22:39,Chairma,Orc,Hammerfall,Thua,Moon,NE
12/11/2024 16:23:02,Chairma,Orc,Northern Isles,Thua,Moon,NE
12/12/2024 14:19:19,dailygao,Orc,Concealed Hill,Thắng,Kephongluu,Orc
12/12/2024 14:19:49,dailygao,Orc,Last Refuge,Thua,Kephongluu,Orc
12/12/2024 14:20:18,dailygao,Orc,Amazonia,Thắng,Kephongluu,Orc
12/12/2024 14:20:55,Fervis,UD,Echo Isles,Thắng,Kephongluu,Orc
12/12/2024 14:21:16,Fervis,UD,Last Refuge,Thắng,Kephongluu,Orc
12/12/2024 14:21:44,Ichiban,HU,Northern Isles,Thua,Kephongluu,Orc
12/12/2024 14:22:09,Ichiban,Orc,Hammerfall,Thắng,Kephongluu,Orc
12/12/2024 14:22:24,Ichiban,Orc,Last Refuge,Thắng,Kephongluu,Orc
12/14/2024 22:27:31,Ninh,Orc,Autumn Leaves,Thắng,SieuTitMit,Orc
12/14/2024 22:27:50,Ninh,Orc,Amazonia,Thắng,SieuTitMit,Orc
12/15/2024 8:10:16,SieuTitMit,Orc,Autumn Leaves,Thắng,tuanvu,Orc
12/15/2024 8:10:49,SieuTitMit,Orc,Amazonia,Thắng,tuanvu,Orc
12/15/2024 19:49:05,Ichiban,Orc,Echo Isles,Thắng,TrieuVoi,Orc
12/15/2024 19:49:30,Ichiban,Orc,Last Refuge,Thắng,TrieuVoi,Orc
12/15/2024 19:50:54,Prac800ic,HU,Amazonia,Thua,Moon,NE
12/15/2024 19:51:18,Prac800ic,HU,Echo Isles,Thua,Moon,NE
12/15/2024 20:52:45,Prac800ic,HU,Hammerfall,Thua,Kephongluu,Orc
12/15/2024 20:53:12,Prac800ic,HU,Echo Isles,Thắng,Kephongluu,Orc
12/15/2024 20:53:57,Prac800ic,HU,Last Refuge,Thua,Kephongluu,Orc
12/16/2024 21:33:29,Vinam,UD,Northern Isles,Thắng,dailygao,Orc
12/16/2024 21:33:51,Vinam,Orc,Amazonia,Thắng,dailygao,Orc
12/16/2024 21:34:37,Ninh,UD,Hammerfall,Thắng,Kephongluu,Orc
12/16/2024 21:34:52,Ninh,NE,Last Refuge,Thua,Kephongluu,Orc
12/16/2024 21:35:17,Ninh,NE,Amazonia,Thắng,Kephongluu,Orc
12/16/2024 21:35:57,osho,NE,Concealed Hill,Thắng,LazyOldMan,Orc
12/16/2024 21:36:26,osho,NE,Echo Isles,Thắng,LazyOldMan,Orc
12/16/2024 21:37:19,LazyOldMan,Orc,Last Refuge,Thắng,Singlez,UD
12/16/2024 21:38:10,LazyOldMan,Orc,Echo Isles,Thua,Singlez,UD
12/16/2024 21:38:41,LazyOldMan,Orc,Concealed Hill,Thua,Singlez,UD
12/16/2024 21:39:43,Singlez,UD,Concealed Hill,Thắng,Fervis,UD
12/16/2024 21:40:09,Singlez,UD,Last Refuge,Thắng,Fervis,UD
12/16/2024 21:40:30,Ninh,Orc,Autumn Leaves,Thua,Singlez,Orc
12/16/2024 21:40:53,Domi,UD,Northern Isles,Thắng,Moon,NE
12/16/2024 21:41:06,Domi,NE,Amazonia,Thắng,Moon,NE
12/19/2024 13:46:42,tuanvu,Orc,Last Refuge,Thắng,Kephongluu,Orc
12/19/2024 13:47:05,tuanvu,Orc,Hammerfall,Thua,Kephongluu,Orc
12/19/2024 13:47:22,tuanvu,Orc,Amazonia,Thắng,Kephongluu,Orc
12/19/2024 13:48:19,gobo2k,UD,Northern Isles,Thua,Fervis,UD
12/19/2024 13:48:40,gobo2k,HU,Last Refuge,Thua,Fervis,UD
12/19/2024 13:49:31,Prac800ic,HU,Last Refuge,Thua,TriBui,Orc
12/19/2024 13:49:57,Prac800ic,HU,Echo Isles,Thua,TriBui,Orc
12/19/2024 13:50:45,Ninh,UD,Concealed Hill,Thắng,Metallica,NE
12/19/2024 13:51:08,Ninh,NE,Last Refuge,Thắng,Metallica,NE
12/19/2024 13:52:06,Afterall,HU,Echo Isles,Thắng,dailygao,Orc
12/19/2024 13:53:01,Vinam,HU,Concealed Hill,Thắng,NghiaDepTrai,UD
12/19/2024 13:53:20,Vinam,Orc,Echo Isles,Thắng,NghiaDepTrai,UD
12/19/2024 21:03:23,NghiaDepTrai,UD,Amazonia,Thắng,dailygao,Orc
12/19/2024 21:04:26,NghiaDepTrai,UD,Echo Isles,Thua,dailygao,Orc
12/19/2024 21:04:55,NghiaDepTrai,UD,Last Refuge,Thua,dailygao,Orc
12/20/2024 11:44:28,Domi,NE,Concealed Hill,Thắng,Wisdom,NE
12/20/2024 11:44:49,Domi,NE,Hammerfall,Thắng,Wisdom,NE
12/20/2024 15:14:57,Vinam,Orc,Echo Isles,Thắng,Datmm09,Orc
12/20/2024 15:15:24,Vinam,Orc,Amazonia,Thắng,Datmm09,Orc
12/20/2024 22:07:03,Prac800ic,UD,Autumn Leaves,Thua,dailygao,UD
12/20/2024 22:07:23,Prac800ic,NE,Echo Isles,Thua,dailygao,HU
12/20/2024 22:41:37,Domi,HU,Hammerfall,Thắng,Ninh,NE
12/20/2024 22:41:51,Domi,Orc,Amazonia,Thắng,Ninh,NE
12/21/2024 15:03:32,Chairma,Orc,Last Refuge,Thua,Wisdom,NE
12/21/2024 15:04:07,Chairma,Orc,Northern Isles,Thua,Wisdom,NE
12/21/2024 15:05:11,Vinam,UD,Amazonia,Thắng,Prac800ic,HU
12/21/2024 15:05:56,Vinam,UD,Echo Isles,Thắng,Prac800ic,HU
12/21/2024 15:06:23,Wisdom,NE,Hammerfall,Thắng,tuanvu,Orc
12/21/2024 15:06:43,Wisdom,NE,Amazonia,Thua,tuanvu,Orc
12/21/2024 15:07:04,Wisdom,NE,Northern Isles,Thua,tuanvu,Orc
12/21/2024 22:12:58,Kingtruong,HU,Concealed Hill,Thua,Moon,NE
12/21/2024 22:13:27,Kingtruong,NE,Amazonia,Thua,Moon,NE
12/22/2024 8:44:19,Kingtruong,NE,Amazonia,Thắng,Kephongluu,Orc
12/22/2024 8:44:58,Kingtruong,HU,Last Refuge,Thua,Kephongluu,Orc
12/22/2024 8:45:28,Kingtruong,HU,Concealed Hill,Thắng,Kephongluu,Orc
12/22/2024 9:05:07,hoanguyen,HU,Last Refuge,Thắng,dailygao,Orc
12/22/2024 9:05:50,hoanguyen,NE,Echo Isles,Thua,dailygao,Orc
12/22/2024 9:06:12,hoanguyen,NE,Hammerfall,Thua,dailygao,Orc
12/22/2024 9:39:22,Wisdom,NE,Amazonia,Thắng,LichKing,Orc
12/22/2024 9:39:38,Wisdom,NE,Echo Isles,Thắng,LichKing,UD
12/22/2024 10:45:07,hoanguyen,HU,Echo Isles,Thắng,LichKing,UD
12/22/2024 11:41:11,hoanguyen,Orc,Concealed Hill,Thua,LichKing,UD
12/22/2024 11:42:52,hoanguyen,UD,Amazonia,Thắng,LichKing,UD
12/22/2024 12:09:32,Moon,NE,Last Refuge,Thắng,LichKing,UD
12/22/2024 12:11:19,Moon,NE,Echo Isles,Thắng,LichKing,Orc
12/22/2024 12:24:40,SieuTitMit,Orc,Northern Isles,Thua,LichKing,UD
12/22/2024 12:37:06,SieuTitMit,Orc,Amazonia,Thắng,LichKing,UD
12/22/2024 12:38:53,SieuTitMit,Orc,Echo Isles,Thắng,LichKing,UD
12/22/2024 12:42:17,longnt,Orc,Concealed Hill,Thắng,hoanguyen,NE
12/22/2024 13:53:12,longnt,HU,Echo Isles,Thắng,hoanguyen,NE
12/22/2024 21:06:34,Vinam,UD,Concealed Hill,Thắng,tuanvu,Orc
12/22/2024 21:07:01,Vinam,UD,Amazonia,Thắng,tuanvu,Orc
12/22/2024 21:08:36,Kingtruong,UD,Concealed Hill,Thắng,Datmm09,Orc
12/22/2024 21:09:07,Kingtruong,NE,Echo Isles,Thắng,Datmm09,Orc
12/22/2024 22:20:43,gobo2k,Orc,Echo Isles,Thua,Kingtruong,UD
12/22/2024 22:21:17,gobo2k,Orc,Amazonia,Thua,Kingtruong,HU
12/23/2024 10:31:38,TrieuVoi,HU,Echo Isles,Thắng,dailygao,HU
12/23/2024 10:32:10,TrieuVoi,HU,Amazonia,Thắng,dailygao,HU
12/23/2024 11:42:55,Prac800ic,HU,Concealed Hill,Thắng,SieuTitMit,Orc
12/23/2024 11:43:22,Prac800ic,HU,Amazonia,Thua,SieuTitMit,UD
12/23/2024 11:43:47,Prac800ic,HU,Echo Isles,Thua,SieuTitMit,Orc
12/25/2024 21:47:17,Ninh,NE,Northern Isles,Thắng,Datmm09,Orc
12/25/2024 21:47:49,Ninh,NE,Echo Isles,Thắng,Datmm09,Orc
12/25/2024 16:31:29,SieuTitMit,Orc,Last Refuge,Thắng,Datmm09,HU
12/25/2024 16:32:07,SieuTitMit,Orc,Amazonia,Thắng,Datmm09,HU
12/25/2024 16:33:09,TrieuVoi,HU,Autumn Leaves,Thắng,Datmm09,HU
12/25/2024 16:33:34,TrieuVoi,HU,Echo Isles,Thắng,Datmm09,Orc
12/25/2024 19:46:51,Singlez,UD,Amazonia,Thắng,Datmm09,Orc
12/25/2024 19:47:18,Singlez,UD,Echo Isles,Thắng,Datmm09,HU
12/25/2024 21:04:05,LazyOldMan,Orc,Concealed Hill,Thắng,Fervis,UD
12/25/2024 21:04:45,LazyOldMan,Orc,Last Refuge,Thua,Fervis,UD
12/25/2024 21:05:08,LazyOldMan,Orc,Northern Isles,Thua,Fervis,UD
12/25/2024 22:14:34,LazyOldMan,Orc,Echo Isles,Thua,Ninh,NE
12/26/2024 13:34:37,gobo2k,NE,Hammerfall,Thua,Prac800ic,UD
12/26/2024 13:35:01,gobo2k,HU,Amazonia,Thua,Prac800ic,UD
12/26/2024 19:43:52,Singlez,UD,Hammerfall,Thắng,Afterall,HU
12/26/2024 19:44:24,Singlez,UD,Concealed Hill,Thắng,Afterall,HU
12/26/2024 22:23:32,Prac800ic,UD,Echo Isles,Thua,Truongbaorong,UD
12/26/2024 22:24:27,Prac800ic,HU,Hammerfall,Thua,Truongbaorong,UD
12/29/2024 8:18:14,Kingtruong,NE,Echo Isles,Thắng,Afterall,HU
12/29/2024 8:18:44,Kingtruong,HU,Concealed Hill,Thắng,Afterall,HU
12/29/2024 17:02:32,NghiaDepTrai,UD,Concealed Hill,Thua,Prac800ic,HU
12/29/2024 17:03:01,NghiaDepTrai,UD,Echo Isles,Thua,Prac800ic,HU
12/30/2024 8:15:08,hoanguyen,Orc,Echo Isles,Thắng,Afterall,HU
12/30/2024 8:15:43,hoanguyen,HU,Amazonia,Thắng,Afterall,Orc
12/30/2024 22:11:55,hoanguyen,HU,Last Refuge,Thua,Ninh,Orc
12/30/2024 22:15:53,hoanguyen,NE,Amazonia,Thua,Ninh,UD
12/31/2024 15:59:30,osho,NE,Northern Isles,Thắng,gobo2k,Orc
12/31/2024 16:07:17,longnt,HU,Hammerfall,Thua,LazyOldMan,Orc
12/31/2024 16:07:57,longnt,HU,Amazonia,Thua,LazyOldMan,Orc
12/31/2024 15:57:42,LazyOldMan,Orc,Concealed Hill,Thua,Ninh,UD
12/31/2024 19:09:22,osho,NE,Echo Isles,Thắng,gobo2k,NE
12/31/2024 22:05:00,Ninh,NE,Northern Isles,Thắng,TrieuVoi,Orc
12/31/2024 22:05:31,Ninh,NE,Echo Isles,Thua,TrieuVoi,Orc
12/31/2024 22:06:27,Ninh,NE,Autumn Leaves,Thắng,TrieuVoi,Orc
12/31/2024 22:11:46,LazyOldMan,Orc,Northern Isles,Thắng,hoanguyen,NE
12/31/2024 22:12:06,LazyOldMan,Orc,Echo Isles,Thắng,hoanguyen,NE
12/31/2024 22:31:53,TrieuVoi,Orc,Last Refuge,Thắng,Truongbaorong,UD
12/31/2024 22:32:21,TrieuVoi,Orc,Autumn Leaves,Thắng,Truongbaorong,UD
1/1/2025 8:15:31,gobo2k,Orc,Echo Isles,Thua,hoanguyen,UD
1/1/2025 8:17:18,gobo2k,NE,Echo Isles,Thắng,hoanguyen,Orc
1/1/2025 8:17:45,gobo2k,Orc,Amazonia,Thắng,hoanguyen,HU
1/1/2025 8:21:29,NghiaDepTrai,UD,Autumn Leaves,Thua,Kingtruong,HU
1/1/2025 8:21:51,NghiaDepTrai,UD,Amazonia,Thua,Kingtruong,HU
1/1/2025 8:30:31,Ninh,HU,Last Refuge,Thắng,Kingtruong,Orc
1/1/2025 8:30:48,Ninh,NE,Echo Isles,Thắng,Kingtruong,UD
1/1/2025 8:43:13,gobo2k,HU,Concealed Hill,Thua,LichKing,UD
1/1/2025 8:43:37,gobo2k,UD,Echo Isles,Thắng,LichKing,UD
1/1/2025 8:44:18,gobo2k,NE,Echo Isles,Thắng,LichKing,UD
1/1/2025 20:28:17,LazyOldMan,Orc,Autumn Leaves,Thua,Metallica,NE
1/1/2025 20:28:48,LazyOldMan,Orc,Concealed Hill,Thắng,Metallica,NE
1/1/2025 20:29:21,LazyOldMan,Orc,Last Refuge,Thua,Metallica,NE
1/1/2025 20:40:29,SieuTitMit,Orc,Concealed Hill,Thắng,Afterall,HU
1/1/2025 20:41:50,SieuTitMit,Orc,Echo Isles,Thắng,Afterall,HU
1/1/2025 20:43:04,LazyOldMan,Orc,Northern Isles,Thắng,Kingtruong,Orc
1/1/2025 20:43:35,LazyOldMan,Orc,Last Refuge,Thua,Kingtruong,Orc
1/1/2025 20:56:16,LazyOldMan,Orc,Concealed Hill,Thắng,Kingtruong,UD
1/1/2025 20:57:52,LazyOldMan,Orc,Amazonia,Thắng,TrieuVoi,Orc
1/1/2025 20:58:10,LazyOldMan,Orc,Echo Isles,Thắng,TrieuVoi,Orc
1/1/2025 21:30:41,LazyOldMan,Orc,Hammerfall,Thua,Afterall,HU